2026-01-07 19:14:25 | BookOCR |    INFO | __init__:50 | Logger initialized. Logs saved to: E:\book-ocr-model\logs\BookOCR.log
2026-01-07 19:14:25 | BookOCR |    INFO | info:60 | Initializing Book OCR System
2026-01-07 19:14:25 | BookOCR |    INFO | info:60 | Initialized Tesseract OCR engine
2026-01-07 19:14:25 | BookOCR |    INFO | info:60 | Book OCR System initialized successfully
2026-01-07 19:14:25 | BookOCR |    INFO | info:60 | Found 30 images in E:\book-ocr-model\data\input
2026-01-07 19:14:25 | BookOCR |    INFO | info:60 | Starting batch processing of 30 images
2026-01-07 19:14:25 | BookOCR |    INFO | info:60 | Processing image 1/30
2026-01-07 19:14:25 | BookOCR |    INFO | info:60 | ================================================================================
2026-01-07 19:14:25 | BookOCR |    INFO | info:60 | Processing book image: E:\book-ocr-model\data\input\img48.jpg
2026-01-07 19:14:25 | BookOCR |    INFO | info:60 | ================================================================================
2026-01-07 19:14:25 | BookOCR |    INFO | info:60 | Step 1/3: Preprocessing image
2026-01-07 19:14:25 | BookOCR |    INFO | info:60 | Preprocessing image: E:\book-ocr-model\data\input\img48.jpg
2026-01-07 19:14:26 | BookOCR |   DEBUG | debug:55 | Original image loaded | Context: {"shape": [1663, 1260, 3], "dtype": "uint8"}
2026-01-07 19:14:26 | BookOCR |   DEBUG | debug:55 | Converted to grayscale
2026-01-07 19:14:26 | BookOCR |   DEBUG | debug:55 | Applied denoising
2026-01-07 19:14:26 | BookOCR |   DEBUG | debug:55 | Applied adaptive thresholding
2026-01-07 19:14:26 | BookOCR |   DEBUG | debug:55 | Deskewed image by -90.00 degrees
2026-01-07 19:14:26 | BookOCR |   DEBUG | debug:55 | Saved processed image to: E:\book-ocr-model\data\processed\img48.jpg
2026-01-07 19:14:26 | BookOCR |    INFO | info:60 | Image preprocessing completed successfully
2026-01-07 19:14:26 | BookOCR |    INFO | info:60 | Step 2/3: Performing OCR
2026-01-07 19:14:26 | BookOCR |    INFO | info:60 | Starting Tesseract OCR extraction
2026-01-07 19:14:27 | BookOCR |   ERROR | error:71 | Tesseract extraction failed
Traceback (most recent call last):
  File "E:\book-ocr-model\book-ocr\lib\site-packages\pytesseract\pytesseract.py", line 275, in run_tesseract
    proc = subprocess.Popen(cmd_args, **subprocess_args())
  File "C:\Users\AVIRUP\AppData\Local\Programs\Python\Python310\lib\subprocess.py", line 966, in __init__
    self._execute_child(args, executable, preexec_fn, close_fds,
  File "C:\Users\AVIRUP\AppData\Local\Programs\Python\Python310\lib\subprocess.py", line 1435, in _execute_child
    hp, ht, pid, tid = _winapi.CreateProcess(executable, args,
FileNotFoundError: [WinError 2] The system cannot find the file specified

During handling of the above exception, another exception occurred:

Traceback (most recent call last):
  File "E:\book-ocr-model\ocr\tesseract_engine.py", line 28, in extract_text
    text = pytesseract.image_to_string(image)
  File "E:\book-ocr-model\book-ocr\lib\site-packages\pytesseract\pytesseract.py", line 486, in image_to_string
    return {
  File "E:\book-ocr-model\book-ocr\lib\site-packages\pytesseract\pytesseract.py", line 489, in <lambda>
    Output.STRING: lambda: run_and_get_output(*args),
  File "E:\book-ocr-model\book-ocr\lib\site-packages\pytesseract\pytesseract.py", line 352, in run_and_get_output
    run_tesseract(**kwargs)
  File "E:\book-ocr-model\book-ocr\lib\site-packages\pytesseract\pytesseract.py", line 280, in run_tesseract
    raise TesseractNotFoundError()
pytesseract.pytesseract.TesseractNotFoundError: tesseract is not installed or it's not in your PATH. See README file for more information.
2026-01-07 19:14:27 | BookOCR |CRITICAL | critical:79 | Failed to process image | {"image_path": "E:\\book-ocr-model\\data\\input\\img48.jpg"}
Traceback (most recent call last):
  File "E:\book-ocr-model\book-ocr\lib\site-packages\pytesseract\pytesseract.py", line 275, in run_tesseract
    proc = subprocess.Popen(cmd_args, **subprocess_args())
  File "C:\Users\AVIRUP\AppData\Local\Programs\Python\Python310\lib\subprocess.py", line 966, in __init__
    self._execute_child(args, executable, preexec_fn, close_fds,
  File "C:\Users\AVIRUP\AppData\Local\Programs\Python\Python310\lib\subprocess.py", line 1435, in _execute_child
    hp, ht, pid, tid = _winapi.CreateProcess(executable, args,
FileNotFoundError: [WinError 2] The system cannot find the file specified

During handling of the above exception, another exception occurred:

Traceback (most recent call last):
  File "E:\book-ocr-model\main.py", line 69, in process_image
    text = self.ocr_engine.extract_text(processed_image)
  File "E:\book-ocr-model\ocr\tesseract_engine.py", line 28, in extract_text
    text = pytesseract.image_to_string(image)
  File "E:\book-ocr-model\book-ocr\lib\site-packages\pytesseract\pytesseract.py", line 486, in image_to_string
    return {
  File "E:\book-ocr-model\book-ocr\lib\site-packages\pytesseract\pytesseract.py", line 489, in <lambda>
    Output.STRING: lambda: run_and_get_output(*args),
  File "E:\book-ocr-model\book-ocr\lib\site-packages\pytesseract\pytesseract.py", line 352, in run_and_get_output
    run_tesseract(**kwargs)
  File "E:\book-ocr-model\book-ocr\lib\site-packages\pytesseract\pytesseract.py", line 280, in run_tesseract
    raise TesseractNotFoundError()
pytesseract.pytesseract.TesseractNotFoundError: tesseract is not installed or it's not in your PATH. See README file for more information.
2026-01-07 19:14:27 | BookOCR |   ERROR | error:71 | Failed to process E:\book-ocr-model\data\input\img48.jpg
Traceback (most recent call last):
  File "E:\book-ocr-model\book-ocr\lib\site-packages\pytesseract\pytesseract.py", line 275, in run_tesseract
    proc = subprocess.Popen(cmd_args, **subprocess_args())
  File "C:\Users\AVIRUP\AppData\Local\Programs\Python\Python310\lib\subprocess.py", line 966, in __init__
    self._execute_child(args, executable, preexec_fn, close_fds,
  File "C:\Users\AVIRUP\AppData\Local\Programs\Python\Python310\lib\subprocess.py", line 1435, in _execute_child
    hp, ht, pid, tid = _winapi.CreateProcess(executable, args,
FileNotFoundError: [WinError 2] The system cannot find the file specified

During handling of the above exception, another exception occurred:

Traceback (most recent call last):
  File "E:\book-ocr-model\main.py", line 96, in process_batch
    metadata = self.process_image(image_path, save_processed)
  File "E:\book-ocr-model\main.py", line 69, in process_image
    text = self.ocr_engine.extract_text(processed_image)
  File "E:\book-ocr-model\ocr\tesseract_engine.py", line 28, in extract_text
    text = pytesseract.image_to_string(image)
  File "E:\book-ocr-model\book-ocr\lib\site-packages\pytesseract\pytesseract.py", line 486, in image_to_string
    return {
  File "E:\book-ocr-model\book-ocr\lib\site-packages\pytesseract\pytesseract.py", line 489, in <lambda>
    Output.STRING: lambda: run_and_get_output(*args),
  File "E:\book-ocr-model\book-ocr\lib\site-packages\pytesseract\pytesseract.py", line 352, in run_and_get_output
    run_tesseract(**kwargs)
  File "E:\book-ocr-model\book-ocr\lib\site-packages\pytesseract\pytesseract.py", line 280, in run_tesseract
    raise TesseractNotFoundError()
pytesseract.pytesseract.TesseractNotFoundError: tesseract is not installed or it's not in your PATH. See README file for more information.
2026-01-07 19:14:27 | BookOCR |    INFO | info:60 | Processing image 2/30
2026-01-07 19:14:27 | BookOCR |    INFO | info:60 | ================================================================================
2026-01-07 19:14:27 | BookOCR |    INFO | info:60 | Processing book image: E:\book-ocr-model\data\input\img48.jpg
2026-01-07 19:14:27 | BookOCR |    INFO | info:60 | ================================================================================
2026-01-07 19:14:27 | BookOCR |    INFO | info:60 | Step 1/3: Preprocessing image
2026-01-07 19:14:27 | BookOCR |    INFO | info:60 | Preprocessing image: E:\book-ocr-model\data\input\img48.jpg
2026-01-07 19:14:27 | BookOCR |   DEBUG | debug:55 | Original image loaded | Context: {"shape": [1663, 1260, 3], "dtype": "uint8"}
2026-01-07 19:14:27 | BookOCR |   DEBUG | debug:55 | Converted to grayscale
2026-01-07 19:14:27 | BookOCR |   DEBUG | debug:55 | Applied denoising
2026-01-07 19:14:27 | BookOCR |   DEBUG | debug:55 | Applied adaptive thresholding
2026-01-07 19:14:27 | BookOCR |   DEBUG | debug:55 | Deskewed image by -90.00 degrees
2026-01-07 19:14:27 | BookOCR |   DEBUG | debug:55 | Saved processed image to: E:\book-ocr-model\data\processed\img48.jpg
2026-01-07 19:14:27 | BookOCR |    INFO | info:60 | Image preprocessing completed successfully
2026-01-07 19:14:27 | BookOCR |    INFO | info:60 | Step 2/3: Performing OCR
2026-01-07 19:14:27 | BookOCR |    INFO | info:60 | Starting Tesseract OCR extraction
2026-01-07 19:14:27 | BookOCR |   ERROR | error:71 | Tesseract extraction failed
Traceback (most recent call last):
  File "E:\book-ocr-model\book-ocr\lib\site-packages\pytesseract\pytesseract.py", line 275, in run_tesseract
    proc = subprocess.Popen(cmd_args, **subprocess_args())
  File "C:\Users\AVIRUP\AppData\Local\Programs\Python\Python310\lib\subprocess.py", line 966, in __init__
    self._execute_child(args, executable, preexec_fn, close_fds,
  File "C:\Users\AVIRUP\AppData\Local\Programs\Python\Python310\lib\subprocess.py", line 1435, in _execute_child
    hp, ht, pid, tid = _winapi.CreateProcess(executable, args,
FileNotFoundError: [WinError 2] The system cannot find the file specified

During handling of the above exception, another exception occurred:

Traceback (most recent call last):
  File "E:\book-ocr-model\ocr\tesseract_engine.py", line 28, in extract_text
    text = pytesseract.image_to_string(image)
  File "E:\book-ocr-model\book-ocr\lib\site-packages\pytesseract\pytesseract.py", line 486, in image_to_string
    return {
  File "E:\book-ocr-model\book-ocr\lib\site-packages\pytesseract\pytesseract.py", line 489, in <lambda>
    Output.STRING: lambda: run_and_get_output(*args),
  File "E:\book-ocr-model\book-ocr\lib\site-packages\pytesseract\pytesseract.py", line 352, in run_and_get_output
    run_tesseract(**kwargs)
  File "E:\book-ocr-model\book-ocr\lib\site-packages\pytesseract\pytesseract.py", line 280, in run_tesseract
    raise TesseractNotFoundError()
pytesseract.pytesseract.TesseractNotFoundError: tesseract is not installed or it's not in your PATH. See README file for more information.
2026-01-07 19:14:27 | BookOCR |CRITICAL | critical:79 | Failed to process image | {"image_path": "E:\\book-ocr-model\\data\\input\\img48.jpg"}
Traceback (most recent call last):
  File "E:\book-ocr-model\book-ocr\lib\site-packages\pytesseract\pytesseract.py", line 275, in run_tesseract
    proc = subprocess.Popen(cmd_args, **subprocess_args())
  File "C:\Users\AVIRUP\AppData\Local\Programs\Python\Python310\lib\subprocess.py", line 966, in __init__
    self._execute_child(args, executable, preexec_fn, close_fds,
  File "C:\Users\AVIRUP\AppData\Local\Programs\Python\Python310\lib\subprocess.py", line 1435, in _execute_child
    hp, ht, pid, tid = _winapi.CreateProcess(executable, args,
FileNotFoundError: [WinError 2] The system cannot find the file specified

During handling of the above exception, another exception occurred:

Traceback (most recent call last):
  File "E:\book-ocr-model\main.py", line 69, in process_image
    text = self.ocr_engine.extract_text(processed_image)
  File "E:\book-ocr-model\ocr\tesseract_engine.py", line 28, in extract_text
    text = pytesseract.image_to_string(image)
  File "E:\book-ocr-model\book-ocr\lib\site-packages\pytesseract\pytesseract.py", line 486, in image_to_string
    return {
  File "E:\book-ocr-model\book-ocr\lib\site-packages\pytesseract\pytesseract.py", line 489, in <lambda>
    Output.STRING: lambda: run_and_get_output(*args),
  File "E:\book-ocr-model\book-ocr\lib\site-packages\pytesseract\pytesseract.py", line 352, in run_and_get_output
    run_tesseract(**kwargs)
  File "E:\book-ocr-model\book-ocr\lib\site-packages\pytesseract\pytesseract.py", line 280, in run_tesseract
    raise TesseractNotFoundError()
pytesseract.pytesseract.TesseractNotFoundError: tesseract is not installed or it's not in your PATH. See README file for more information.
2026-01-07 19:14:27 | BookOCR |   ERROR | error:71 | Failed to process E:\book-ocr-model\data\input\img48.jpg
Traceback (most recent call last):
  File "E:\book-ocr-model\book-ocr\lib\site-packages\pytesseract\pytesseract.py", line 275, in run_tesseract
    proc = subprocess.Popen(cmd_args, **subprocess_args())
  File "C:\Users\AVIRUP\AppData\Local\Programs\Python\Python310\lib\subprocess.py", line 966, in __init__
    self._execute_child(args, executable, preexec_fn, close_fds,
  File "C:\Users\AVIRUP\AppData\Local\Programs\Python\Python310\lib\subprocess.py", line 1435, in _execute_child
    hp, ht, pid, tid = _winapi.CreateProcess(executable, args,
FileNotFoundError: [WinError 2] The system cannot find the file specified

During handling of the above exception, another exception occurred:

Traceback (most recent call last):
  File "E:\book-ocr-model\main.py", line 96, in process_batch
    metadata = self.process_image(image_path, save_processed)
  File "E:\book-ocr-model\main.py", line 69, in process_image
    text = self.ocr_engine.extract_text(processed_image)
  File "E:\book-ocr-model\ocr\tesseract_engine.py", line 28, in extract_text
    text = pytesseract.image_to_string(image)
  File "E:\book-ocr-model\book-ocr\lib\site-packages\pytesseract\pytesseract.py", line 486, in image_to_string
    return {
  File "E:\book-ocr-model\book-ocr\lib\site-packages\pytesseract\pytesseract.py", line 489, in <lambda>
    Output.STRING: lambda: run_and_get_output(*args),
  File "E:\book-ocr-model\book-ocr\lib\site-packages\pytesseract\pytesseract.py", line 352, in run_and_get_output
    run_tesseract(**kwargs)
  File "E:\book-ocr-model\book-ocr\lib\site-packages\pytesseract\pytesseract.py", line 280, in run_tesseract
    raise TesseractNotFoundError()
pytesseract.pytesseract.TesseractNotFoundError: tesseract is not installed or it's not in your PATH. See README file for more information.
2026-01-07 19:14:27 | BookOCR |    INFO | info:60 | Processing image 3/30
2026-01-07 19:14:27 | BookOCR |    INFO | info:60 | ================================================================================
2026-01-07 19:14:27 | BookOCR |    INFO | info:60 | Processing book image: E:\book-ocr-model\data\input\img49.jpg
2026-01-07 19:14:27 | BookOCR |    INFO | info:60 | ================================================================================
2026-01-07 19:14:27 | BookOCR |    INFO | info:60 | Step 1/3: Preprocessing image
2026-01-07 19:14:27 | BookOCR |    INFO | info:60 | Preprocessing image: E:\book-ocr-model\data\input\img49.jpg
2026-01-07 19:14:27 | BookOCR |   DEBUG | debug:55 | Original image loaded | Context: {"shape": [2800, 335, 3], "dtype": "uint8"}
2026-01-07 19:14:27 | BookOCR |   DEBUG | debug:55 | Converted to grayscale
2026-01-07 19:14:28 | BookOCR |   DEBUG | debug:55 | Applied denoising
2026-01-07 19:14:28 | BookOCR |   DEBUG | debug:55 | Applied adaptive thresholding
2026-01-07 19:14:28 | BookOCR |   DEBUG | debug:55 | Saved processed image to: E:\book-ocr-model\data\processed\img49.jpg
2026-01-07 19:14:28 | BookOCR |    INFO | info:60 | Image preprocessing completed successfully
2026-01-07 19:14:28 | BookOCR |    INFO | info:60 | Step 2/3: Performing OCR
2026-01-07 19:14:28 | BookOCR |    INFO | info:60 | Starting Tesseract OCR extraction
2026-01-07 19:14:28 | BookOCR |   ERROR | error:71 | Tesseract extraction failed
Traceback (most recent call last):
  File "E:\book-ocr-model\book-ocr\lib\site-packages\pytesseract\pytesseract.py", line 275, in run_tesseract
    proc = subprocess.Popen(cmd_args, **subprocess_args())
  File "C:\Users\AVIRUP\AppData\Local\Programs\Python\Python310\lib\subprocess.py", line 966, in __init__
    self._execute_child(args, executable, preexec_fn, close_fds,
  File "C:\Users\AVIRUP\AppData\Local\Programs\Python\Python310\lib\subprocess.py", line 1435, in _execute_child
    hp, ht, pid, tid = _winapi.CreateProcess(executable, args,
FileNotFoundError: [WinError 2] The system cannot find the file specified

During handling of the above exception, another exception occurred:

Traceback (most recent call last):
  File "E:\book-ocr-model\ocr\tesseract_engine.py", line 28, in extract_text
    text = pytesseract.image_to_string(image)
  File "E:\book-ocr-model\book-ocr\lib\site-packages\pytesseract\pytesseract.py", line 486, in image_to_string
    return {
  File "E:\book-ocr-model\book-ocr\lib\site-packages\pytesseract\pytesseract.py", line 489, in <lambda>
    Output.STRING: lambda: run_and_get_output(*args),
  File "E:\book-ocr-model\book-ocr\lib\site-packages\pytesseract\pytesseract.py", line 352, in run_and_get_output
    run_tesseract(**kwargs)
  File "E:\book-ocr-model\book-ocr\lib\site-packages\pytesseract\pytesseract.py", line 280, in run_tesseract
    raise TesseractNotFoundError()
pytesseract.pytesseract.TesseractNotFoundError: tesseract is not installed or it's not in your PATH. See README file for more information.
2026-01-07 19:14:28 | BookOCR |CRITICAL | critical:79 | Failed to process image | {"image_path": "E:\\book-ocr-model\\data\\input\\img49.jpg"}
Traceback (most recent call last):
  File "E:\book-ocr-model\book-ocr\lib\site-packages\pytesseract\pytesseract.py", line 275, in run_tesseract
    proc = subprocess.Popen(cmd_args, **subprocess_args())
  File "C:\Users\AVIRUP\AppData\Local\Programs\Python\Python310\lib\subprocess.py", line 966, in __init__
    self._execute_child(args, executable, preexec_fn, close_fds,
  File "C:\Users\AVIRUP\AppData\Local\Programs\Python\Python310\lib\subprocess.py", line 1435, in _execute_child
    hp, ht, pid, tid = _winapi.CreateProcess(executable, args,
FileNotFoundError: [WinError 2] The system cannot find the file specified

During handling of the above exception, another exception occurred:

Traceback (most recent call last):
  File "E:\book-ocr-model\main.py", line 69, in process_image
    text = self.ocr_engine.extract_text(processed_image)
  File "E:\book-ocr-model\ocr\tesseract_engine.py", line 28, in extract_text
    text = pytesseract.image_to_string(image)
  File "E:\book-ocr-model\book-ocr\lib\site-packages\pytesseract\pytesseract.py", line 486, in image_to_string
    return {
  File "E:\book-ocr-model\book-ocr\lib\site-packages\pytesseract\pytesseract.py", line 489, in <lambda>
    Output.STRING: lambda: run_and_get_output(*args),
  File "E:\book-ocr-model\book-ocr\lib\site-packages\pytesseract\pytesseract.py", line 352, in run_and_get_output
    run_tesseract(**kwargs)
  File "E:\book-ocr-model\book-ocr\lib\site-packages\pytesseract\pytesseract.py", line 280, in run_tesseract
    raise TesseractNotFoundError()
pytesseract.pytesseract.TesseractNotFoundError: tesseract is not installed or it's not in your PATH. See README file for more information.
2026-01-07 19:14:28 | BookOCR |   ERROR | error:71 | Failed to process E:\book-ocr-model\data\input\img49.jpg
Traceback (most recent call last):
  File "E:\book-ocr-model\book-ocr\lib\site-packages\pytesseract\pytesseract.py", line 275, in run_tesseract
    proc = subprocess.Popen(cmd_args, **subprocess_args())
  File "C:\Users\AVIRUP\AppData\Local\Programs\Python\Python310\lib\subprocess.py", line 966, in __init__
    self._execute_child(args, executable, preexec_fn, close_fds,
  File "C:\Users\AVIRUP\AppData\Local\Programs\Python\Python310\lib\subprocess.py", line 1435, in _execute_child
    hp, ht, pid, tid = _winapi.CreateProcess(executable, args,
FileNotFoundError: [WinError 2] The system cannot find the file specified

During handling of the above exception, another exception occurred:

Traceback (most recent call last):
  File "E:\book-ocr-model\main.py", line 96, in process_batch
    metadata = self.process_image(image_path, save_processed)
  File "E:\book-ocr-model\main.py", line 69, in process_image
    text = self.ocr_engine.extract_text(processed_image)
  File "E:\book-ocr-model\ocr\tesseract_engine.py", line 28, in extract_text
    text = pytesseract.image_to_string(image)
  File "E:\book-ocr-model\book-ocr\lib\site-packages\pytesseract\pytesseract.py", line 486, in image_to_string
    return {
  File "E:\book-ocr-model\book-ocr\lib\site-packages\pytesseract\pytesseract.py", line 489, in <lambda>
    Output.STRING: lambda: run_and_get_output(*args),
  File "E:\book-ocr-model\book-ocr\lib\site-packages\pytesseract\pytesseract.py", line 352, in run_and_get_output
    run_tesseract(**kwargs)
  File "E:\book-ocr-model\book-ocr\lib\site-packages\pytesseract\pytesseract.py", line 280, in run_tesseract
    raise TesseractNotFoundError()
pytesseract.pytesseract.TesseractNotFoundError: tesseract is not installed or it's not in your PATH. See README file for more information.
2026-01-07 19:14:28 | BookOCR |    INFO | info:60 | Processing image 4/30
2026-01-07 19:14:28 | BookOCR |    INFO | info:60 | ================================================================================
2026-01-07 19:14:28 | BookOCR |    INFO | info:60 | Processing book image: E:\book-ocr-model\data\input\img49.jpg
2026-01-07 19:14:28 | BookOCR |    INFO | info:60 | ================================================================================
2026-01-07 19:14:28 | BookOCR |    INFO | info:60 | Step 1/3: Preprocessing image
2026-01-07 19:14:28 | BookOCR |    INFO | info:60 | Preprocessing image: E:\book-ocr-model\data\input\img49.jpg
2026-01-07 19:14:28 | BookOCR |   DEBUG | debug:55 | Original image loaded | Context: {"shape": [2800, 335, 3], "dtype": "uint8"}
2026-01-07 19:14:28 | BookOCR |   DEBUG | debug:55 | Converted to grayscale
2026-01-07 19:14:28 | BookOCR |   DEBUG | debug:55 | Applied denoising
2026-01-07 19:14:28 | BookOCR |   DEBUG | debug:55 | Applied adaptive thresholding
2026-01-07 19:14:28 | BookOCR |   DEBUG | debug:55 | Saved processed image to: E:\book-ocr-model\data\processed\img49.jpg
2026-01-07 19:14:28 | BookOCR |    INFO | info:60 | Image preprocessing completed successfully
2026-01-07 19:14:28 | BookOCR |    INFO | info:60 | Step 2/3: Performing OCR
2026-01-07 19:14:28 | BookOCR |    INFO | info:60 | Starting Tesseract OCR extraction
2026-01-07 19:14:28 | BookOCR |   ERROR | error:71 | Tesseract extraction failed
Traceback (most recent call last):
  File "E:\book-ocr-model\book-ocr\lib\site-packages\pytesseract\pytesseract.py", line 275, in run_tesseract
    proc = subprocess.Popen(cmd_args, **subprocess_args())
  File "C:\Users\AVIRUP\AppData\Local\Programs\Python\Python310\lib\subprocess.py", line 966, in __init__
    self._execute_child(args, executable, preexec_fn, close_fds,
  File "C:\Users\AVIRUP\AppData\Local\Programs\Python\Python310\lib\subprocess.py", line 1435, in _execute_child
    hp, ht, pid, tid = _winapi.CreateProcess(executable, args,
FileNotFoundError: [WinError 2] The system cannot find the file specified

During handling of the above exception, another exception occurred:

Traceback (most recent call last):
  File "E:\book-ocr-model\ocr\tesseract_engine.py", line 28, in extract_text
    text = pytesseract.image_to_string(image)
  File "E:\book-ocr-model\book-ocr\lib\site-packages\pytesseract\pytesseract.py", line 486, in image_to_string
    return {
  File "E:\book-ocr-model\book-ocr\lib\site-packages\pytesseract\pytesseract.py", line 489, in <lambda>
    Output.STRING: lambda: run_and_get_output(*args),
  File "E:\book-ocr-model\book-ocr\lib\site-packages\pytesseract\pytesseract.py", line 352, in run_and_get_output
    run_tesseract(**kwargs)
  File "E:\book-ocr-model\book-ocr\lib\site-packages\pytesseract\pytesseract.py", line 280, in run_tesseract
    raise TesseractNotFoundError()
pytesseract.pytesseract.TesseractNotFoundError: tesseract is not installed or it's not in your PATH. See README file for more information.
2026-01-07 19:14:28 | BookOCR |CRITICAL | critical:79 | Failed to process image | {"image_path": "E:\\book-ocr-model\\data\\input\\img49.jpg"}
Traceback (most recent call last):
  File "E:\book-ocr-model\book-ocr\lib\site-packages\pytesseract\pytesseract.py", line 275, in run_tesseract
    proc = subprocess.Popen(cmd_args, **subprocess_args())
  File "C:\Users\AVIRUP\AppData\Local\Programs\Python\Python310\lib\subprocess.py", line 966, in __init__
    self._execute_child(args, executable, preexec_fn, close_fds,
  File "C:\Users\AVIRUP\AppData\Local\Programs\Python\Python310\lib\subprocess.py", line 1435, in _execute_child
    hp, ht, pid, tid = _winapi.CreateProcess(executable, args,
FileNotFoundError: [WinError 2] The system cannot find the file specified

During handling of the above exception, another exception occurred:

Traceback (most recent call last):
  File "E:\book-ocr-model\main.py", line 69, in process_image
    text = self.ocr_engine.extract_text(processed_image)
  File "E:\book-ocr-model\ocr\tesseract_engine.py", line 28, in extract_text
    text = pytesseract.image_to_string(image)
  File "E:\book-ocr-model\book-ocr\lib\site-packages\pytesseract\pytesseract.py", line 486, in image_to_string
    return {
  File "E:\book-ocr-model\book-ocr\lib\site-packages\pytesseract\pytesseract.py", line 489, in <lambda>
    Output.STRING: lambda: run_and_get_output(*args),
  File "E:\book-ocr-model\book-ocr\lib\site-packages\pytesseract\pytesseract.py", line 352, in run_and_get_output
    run_tesseract(**kwargs)
  File "E:\book-ocr-model\book-ocr\lib\site-packages\pytesseract\pytesseract.py", line 280, in run_tesseract
    raise TesseractNotFoundError()
pytesseract.pytesseract.TesseractNotFoundError: tesseract is not installed or it's not in your PATH. See README file for more information.
2026-01-07 19:14:28 | BookOCR |   ERROR | error:71 | Failed to process E:\book-ocr-model\data\input\img49.jpg
Traceback (most recent call last):
  File "E:\book-ocr-model\book-ocr\lib\site-packages\pytesseract\pytesseract.py", line 275, in run_tesseract
    proc = subprocess.Popen(cmd_args, **subprocess_args())
  File "C:\Users\AVIRUP\AppData\Local\Programs\Python\Python310\lib\subprocess.py", line 966, in __init__
    self._execute_child(args, executable, preexec_fn, close_fds,
  File "C:\Users\AVIRUP\AppData\Local\Programs\Python\Python310\lib\subprocess.py", line 1435, in _execute_child
    hp, ht, pid, tid = _winapi.CreateProcess(executable, args,
FileNotFoundError: [WinError 2] The system cannot find the file specified

During handling of the above exception, another exception occurred:

Traceback (most recent call last):
  File "E:\book-ocr-model\main.py", line 96, in process_batch
    metadata = self.process_image(image_path, save_processed)
  File "E:\book-ocr-model\main.py", line 69, in process_image
    text = self.ocr_engine.extract_text(processed_image)
  File "E:\book-ocr-model\ocr\tesseract_engine.py", line 28, in extract_text
    text = pytesseract.image_to_string(image)
  File "E:\book-ocr-model\book-ocr\lib\site-packages\pytesseract\pytesseract.py", line 486, in image_to_string
    return {
  File "E:\book-ocr-model\book-ocr\lib\site-packages\pytesseract\pytesseract.py", line 489, in <lambda>
    Output.STRING: lambda: run_and_get_output(*args),
  File "E:\book-ocr-model\book-ocr\lib\site-packages\pytesseract\pytesseract.py", line 352, in run_and_get_output
    run_tesseract(**kwargs)
  File "E:\book-ocr-model\book-ocr\lib\site-packages\pytesseract\pytesseract.py", line 280, in run_tesseract
    raise TesseractNotFoundError()
pytesseract.pytesseract.TesseractNotFoundError: tesseract is not installed or it's not in your PATH. See README file for more information.
2026-01-07 19:14:28 | BookOCR |    INFO | info:60 | Processing image 5/30
2026-01-07 19:14:28 | BookOCR |    INFO | info:60 | ================================================================================
2026-01-07 19:14:28 | BookOCR |    INFO | info:60 | Processing book image: E:\book-ocr-model\data\input\img50.jpg
2026-01-07 19:14:28 | BookOCR |    INFO | info:60 | ================================================================================
2026-01-07 19:14:28 | BookOCR |    INFO | info:60 | Step 1/3: Preprocessing image
2026-01-07 19:14:28 | BookOCR |    INFO | info:60 | Preprocessing image: E:\book-ocr-model\data\input\img50.jpg
2026-01-07 19:14:28 | BookOCR |   DEBUG | debug:55 | Original image loaded | Context: {"shape": [1725, 1260, 3], "dtype": "uint8"}
2026-01-07 19:14:28 | BookOCR |   DEBUG | debug:55 | Converted to grayscale
2026-01-07 19:14:29 | BookOCR |   DEBUG | debug:55 | Applied denoising
2026-01-07 19:14:29 | BookOCR |   DEBUG | debug:55 | Applied adaptive thresholding
2026-01-07 19:14:29 | BookOCR |   DEBUG | debug:55 | Saved processed image to: E:\book-ocr-model\data\processed\img50.jpg
2026-01-07 19:14:29 | BookOCR |    INFO | info:60 | Image preprocessing completed successfully
2026-01-07 19:14:29 | BookOCR |    INFO | info:60 | Step 2/3: Performing OCR
2026-01-07 19:14:29 | BookOCR |    INFO | info:60 | Starting Tesseract OCR extraction
2026-01-07 19:14:29 | BookOCR |   ERROR | error:71 | Tesseract extraction failed
Traceback (most recent call last):
  File "E:\book-ocr-model\book-ocr\lib\site-packages\pytesseract\pytesseract.py", line 275, in run_tesseract
    proc = subprocess.Popen(cmd_args, **subprocess_args())
  File "C:\Users\AVIRUP\AppData\Local\Programs\Python\Python310\lib\subprocess.py", line 966, in __init__
    self._execute_child(args, executable, preexec_fn, close_fds,
  File "C:\Users\AVIRUP\AppData\Local\Programs\Python\Python310\lib\subprocess.py", line 1435, in _execute_child
    hp, ht, pid, tid = _winapi.CreateProcess(executable, args,
FileNotFoundError: [WinError 2] The system cannot find the file specified

During handling of the above exception, another exception occurred:

Traceback (most recent call last):
  File "E:\book-ocr-model\ocr\tesseract_engine.py", line 28, in extract_text
    text = pytesseract.image_to_string(image)
  File "E:\book-ocr-model\book-ocr\lib\site-packages\pytesseract\pytesseract.py", line 486, in image_to_string
    return {
  File "E:\book-ocr-model\book-ocr\lib\site-packages\pytesseract\pytesseract.py", line 489, in <lambda>
    Output.STRING: lambda: run_and_get_output(*args),
  File "E:\book-ocr-model\book-ocr\lib\site-packages\pytesseract\pytesseract.py", line 352, in run_and_get_output
    run_tesseract(**kwargs)
  File "E:\book-ocr-model\book-ocr\lib\site-packages\pytesseract\pytesseract.py", line 280, in run_tesseract
    raise TesseractNotFoundError()
pytesseract.pytesseract.TesseractNotFoundError: tesseract is not installed or it's not in your PATH. See README file for more information.
2026-01-07 19:14:29 | BookOCR |CRITICAL | critical:79 | Failed to process image | {"image_path": "E:\\book-ocr-model\\data\\input\\img50.jpg"}
Traceback (most recent call last):
  File "E:\book-ocr-model\book-ocr\lib\site-packages\pytesseract\pytesseract.py", line 275, in run_tesseract
    proc = subprocess.Popen(cmd_args, **subprocess_args())
  File "C:\Users\AVIRUP\AppData\Local\Programs\Python\Python310\lib\subprocess.py", line 966, in __init__
    self._execute_child(args, executable, preexec_fn, close_fds,
  File "C:\Users\AVIRUP\AppData\Local\Programs\Python\Python310\lib\subprocess.py", line 1435, in _execute_child
    hp, ht, pid, tid = _winapi.CreateProcess(executable, args,
FileNotFoundError: [WinError 2] The system cannot find the file specified

During handling of the above exception, another exception occurred:

Traceback (most recent call last):
  File "E:\book-ocr-model\main.py", line 69, in process_image
    text = self.ocr_engine.extract_text(processed_image)
  File "E:\book-ocr-model\ocr\tesseract_engine.py", line 28, in extract_text
    text = pytesseract.image_to_string(image)
  File "E:\book-ocr-model\book-ocr\lib\site-packages\pytesseract\pytesseract.py", line 486, in image_to_string
    return {
  File "E:\book-ocr-model\book-ocr\lib\site-packages\pytesseract\pytesseract.py", line 489, in <lambda>
    Output.STRING: lambda: run_and_get_output(*args),
  File "E:\book-ocr-model\book-ocr\lib\site-packages\pytesseract\pytesseract.py", line 352, in run_and_get_output
    run_tesseract(**kwargs)
  File "E:\book-ocr-model\book-ocr\lib\site-packages\pytesseract\pytesseract.py", line 280, in run_tesseract
    raise TesseractNotFoundError()
pytesseract.pytesseract.TesseractNotFoundError: tesseract is not installed or it's not in your PATH. See README file for more information.
2026-01-07 19:14:29 | BookOCR |   ERROR | error:71 | Failed to process E:\book-ocr-model\data\input\img50.jpg
Traceback (most recent call last):
  File "E:\book-ocr-model\book-ocr\lib\site-packages\pytesseract\pytesseract.py", line 275, in run_tesseract
    proc = subprocess.Popen(cmd_args, **subprocess_args())
  File "C:\Users\AVIRUP\AppData\Local\Programs\Python\Python310\lib\subprocess.py", line 966, in __init__
    self._execute_child(args, executable, preexec_fn, close_fds,
  File "C:\Users\AVIRUP\AppData\Local\Programs\Python\Python310\lib\subprocess.py", line 1435, in _execute_child
    hp, ht, pid, tid = _winapi.CreateProcess(executable, args,
FileNotFoundError: [WinError 2] The system cannot find the file specified

During handling of the above exception, another exception occurred:

Traceback (most recent call last):
  File "E:\book-ocr-model\main.py", line 96, in process_batch
    metadata = self.process_image(image_path, save_processed)
  File "E:\book-ocr-model\main.py", line 69, in process_image
    text = self.ocr_engine.extract_text(processed_image)
  File "E:\book-ocr-model\ocr\tesseract_engine.py", line 28, in extract_text
    text = pytesseract.image_to_string(image)
  File "E:\book-ocr-model\book-ocr\lib\site-packages\pytesseract\pytesseract.py", line 486, in image_to_string
    return {
  File "E:\book-ocr-model\book-ocr\lib\site-packages\pytesseract\pytesseract.py", line 489, in <lambda>
    Output.STRING: lambda: run_and_get_output(*args),
  File "E:\book-ocr-model\book-ocr\lib\site-packages\pytesseract\pytesseract.py", line 352, in run_and_get_output
    run_tesseract(**kwargs)
  File "E:\book-ocr-model\book-ocr\lib\site-packages\pytesseract\pytesseract.py", line 280, in run_tesseract
    raise TesseractNotFoundError()
pytesseract.pytesseract.TesseractNotFoundError: tesseract is not installed or it's not in your PATH. See README file for more information.
2026-01-07 19:14:29 | BookOCR |    INFO | info:60 | Processing image 6/30
2026-01-07 19:14:29 | BookOCR |    INFO | info:60 | ================================================================================
2026-01-07 19:14:29 | BookOCR |    INFO | info:60 | Processing book image: E:\book-ocr-model\data\input\img50.jpg
2026-01-07 19:14:29 | BookOCR |    INFO | info:60 | ================================================================================
2026-01-07 19:14:29 | BookOCR |    INFO | info:60 | Step 1/3: Preprocessing image
2026-01-07 19:14:29 | BookOCR |    INFO | info:60 | Preprocessing image: E:\book-ocr-model\data\input\img50.jpg
2026-01-07 19:14:29 | BookOCR |   DEBUG | debug:55 | Original image loaded | Context: {"shape": [1725, 1260, 3], "dtype": "uint8"}
2026-01-07 19:14:29 | BookOCR |   DEBUG | debug:55 | Converted to grayscale
2026-01-07 19:14:29 | BookOCR |   DEBUG | debug:55 | Applied denoising
2026-01-07 19:14:29 | BookOCR |   DEBUG | debug:55 | Applied adaptive thresholding
2026-01-07 19:14:30 | BookOCR |   DEBUG | debug:55 | Saved processed image to: E:\book-ocr-model\data\processed\img50.jpg
2026-01-07 19:14:30 | BookOCR |    INFO | info:60 | Image preprocessing completed successfully
2026-01-07 19:14:30 | BookOCR |    INFO | info:60 | Step 2/3: Performing OCR
2026-01-07 19:14:30 | BookOCR |    INFO | info:60 | Starting Tesseract OCR extraction
2026-01-07 19:14:30 | BookOCR |   ERROR | error:71 | Tesseract extraction failed
Traceback (most recent call last):
  File "E:\book-ocr-model\book-ocr\lib\site-packages\pytesseract\pytesseract.py", line 275, in run_tesseract
    proc = subprocess.Popen(cmd_args, **subprocess_args())
  File "C:\Users\AVIRUP\AppData\Local\Programs\Python\Python310\lib\subprocess.py", line 966, in __init__
    self._execute_child(args, executable, preexec_fn, close_fds,
  File "C:\Users\AVIRUP\AppData\Local\Programs\Python\Python310\lib\subprocess.py", line 1435, in _execute_child
    hp, ht, pid, tid = _winapi.CreateProcess(executable, args,
FileNotFoundError: [WinError 2] The system cannot find the file specified

During handling of the above exception, another exception occurred:

Traceback (most recent call last):
  File "E:\book-ocr-model\ocr\tesseract_engine.py", line 28, in extract_text
    text = pytesseract.image_to_string(image)
  File "E:\book-ocr-model\book-ocr\lib\site-packages\pytesseract\pytesseract.py", line 486, in image_to_string
    return {
  File "E:\book-ocr-model\book-ocr\lib\site-packages\pytesseract\pytesseract.py", line 489, in <lambda>
    Output.STRING: lambda: run_and_get_output(*args),
  File "E:\book-ocr-model\book-ocr\lib\site-packages\pytesseract\pytesseract.py", line 352, in run_and_get_output
    run_tesseract(**kwargs)
  File "E:\book-ocr-model\book-ocr\lib\site-packages\pytesseract\pytesseract.py", line 280, in run_tesseract
    raise TesseractNotFoundError()
pytesseract.pytesseract.TesseractNotFoundError: tesseract is not installed or it's not in your PATH. See README file for more information.
2026-01-07 19:14:30 | BookOCR |CRITICAL | critical:79 | Failed to process image | {"image_path": "E:\\book-ocr-model\\data\\input\\img50.jpg"}
Traceback (most recent call last):
  File "E:\book-ocr-model\book-ocr\lib\site-packages\pytesseract\pytesseract.py", line 275, in run_tesseract
    proc = subprocess.Popen(cmd_args, **subprocess_args())
  File "C:\Users\AVIRUP\AppData\Local\Programs\Python\Python310\lib\subprocess.py", line 966, in __init__
    self._execute_child(args, executable, preexec_fn, close_fds,
  File "C:\Users\AVIRUP\AppData\Local\Programs\Python\Python310\lib\subprocess.py", line 1435, in _execute_child
    hp, ht, pid, tid = _winapi.CreateProcess(executable, args,
FileNotFoundError: [WinError 2] The system cannot find the file specified

During handling of the above exception, another exception occurred:

Traceback (most recent call last):
  File "E:\book-ocr-model\main.py", line 69, in process_image
    text = self.ocr_engine.extract_text(processed_image)
  File "E:\book-ocr-model\ocr\tesseract_engine.py", line 28, in extract_text
    text = pytesseract.image_to_string(image)
  File "E:\book-ocr-model\book-ocr\lib\site-packages\pytesseract\pytesseract.py", line 486, in image_to_string
    return {
  File "E:\book-ocr-model\book-ocr\lib\site-packages\pytesseract\pytesseract.py", line 489, in <lambda>
    Output.STRING: lambda: run_and_get_output(*args),
  File "E:\book-ocr-model\book-ocr\lib\site-packages\pytesseract\pytesseract.py", line 352, in run_and_get_output
    run_tesseract(**kwargs)
  File "E:\book-ocr-model\book-ocr\lib\site-packages\pytesseract\pytesseract.py", line 280, in run_tesseract
    raise TesseractNotFoundError()
pytesseract.pytesseract.TesseractNotFoundError: tesseract is not installed or it's not in your PATH. See README file for more information.
2026-01-07 19:14:30 | BookOCR |   ERROR | error:71 | Failed to process E:\book-ocr-model\data\input\img50.jpg
Traceback (most recent call last):
  File "E:\book-ocr-model\book-ocr\lib\site-packages\pytesseract\pytesseract.py", line 275, in run_tesseract
    proc = subprocess.Popen(cmd_args, **subprocess_args())
  File "C:\Users\AVIRUP\AppData\Local\Programs\Python\Python310\lib\subprocess.py", line 966, in __init__
    self._execute_child(args, executable, preexec_fn, close_fds,
  File "C:\Users\AVIRUP\AppData\Local\Programs\Python\Python310\lib\subprocess.py", line 1435, in _execute_child
    hp, ht, pid, tid = _winapi.CreateProcess(executable, args,
FileNotFoundError: [WinError 2] The system cannot find the file specified

During handling of the above exception, another exception occurred:

Traceback (most recent call last):
  File "E:\book-ocr-model\main.py", line 96, in process_batch
    metadata = self.process_image(image_path, save_processed)
  File "E:\book-ocr-model\main.py", line 69, in process_image
    text = self.ocr_engine.extract_text(processed_image)
  File "E:\book-ocr-model\ocr\tesseract_engine.py", line 28, in extract_text
    text = pytesseract.image_to_string(image)
  File "E:\book-ocr-model\book-ocr\lib\site-packages\pytesseract\pytesseract.py", line 486, in image_to_string
    return {
  File "E:\book-ocr-model\book-ocr\lib\site-packages\pytesseract\pytesseract.py", line 489, in <lambda>
    Output.STRING: lambda: run_and_get_output(*args),
  File "E:\book-ocr-model\book-ocr\lib\site-packages\pytesseract\pytesseract.py", line 352, in run_and_get_output
    run_tesseract(**kwargs)
  File "E:\book-ocr-model\book-ocr\lib\site-packages\pytesseract\pytesseract.py", line 280, in run_tesseract
    raise TesseractNotFoundError()
pytesseract.pytesseract.TesseractNotFoundError: tesseract is not installed or it's not in your PATH. See README file for more information.
2026-01-07 19:14:30 | BookOCR |    INFO | info:60 | Processing image 7/30
2026-01-07 19:14:30 | BookOCR |    INFO | info:60 | ================================================================================
2026-01-07 19:14:30 | BookOCR |    INFO | info:60 | Processing book image: E:\book-ocr-model\data\input\img51.jpg
2026-01-07 19:14:30 | BookOCR |    INFO | info:60 | ================================================================================
2026-01-07 19:14:30 | BookOCR |    INFO | info:60 | Step 1/3: Preprocessing image
2026-01-07 19:14:30 | BookOCR |    INFO | info:60 | Preprocessing image: E:\book-ocr-model\data\input\img51.jpg
2026-01-07 19:14:30 | BookOCR |   DEBUG | debug:55 | Original image loaded | Context: {"shape": [2043, 1260, 3], "dtype": "uint8"}
2026-01-07 19:14:30 | BookOCR |   DEBUG | debug:55 | Converted to grayscale
2026-01-07 19:14:31 | BookOCR |   DEBUG | debug:55 | Applied denoising
2026-01-07 19:14:31 | BookOCR |   DEBUG | debug:55 | Applied adaptive thresholding
2026-01-07 19:14:31 | BookOCR |   DEBUG | debug:55 | Saved processed image to: E:\book-ocr-model\data\processed\img51.jpg
2026-01-07 19:14:31 | BookOCR |    INFO | info:60 | Image preprocessing completed successfully
2026-01-07 19:14:31 | BookOCR |    INFO | info:60 | Step 2/3: Performing OCR
2026-01-07 19:14:31 | BookOCR |    INFO | info:60 | Starting Tesseract OCR extraction
2026-01-07 19:14:31 | BookOCR |   ERROR | error:71 | Tesseract extraction failed
Traceback (most recent call last):
  File "E:\book-ocr-model\book-ocr\lib\site-packages\pytesseract\pytesseract.py", line 275, in run_tesseract
    proc = subprocess.Popen(cmd_args, **subprocess_args())
  File "C:\Users\AVIRUP\AppData\Local\Programs\Python\Python310\lib\subprocess.py", line 966, in __init__
    self._execute_child(args, executable, preexec_fn, close_fds,
  File "C:\Users\AVIRUP\AppData\Local\Programs\Python\Python310\lib\subprocess.py", line 1435, in _execute_child
    hp, ht, pid, tid = _winapi.CreateProcess(executable, args,
FileNotFoundError: [WinError 2] The system cannot find the file specified

During handling of the above exception, another exception occurred:

Traceback (most recent call last):
  File "E:\book-ocr-model\ocr\tesseract_engine.py", line 28, in extract_text
    text = pytesseract.image_to_string(image)
  File "E:\book-ocr-model\book-ocr\lib\site-packages\pytesseract\pytesseract.py", line 486, in image_to_string
    return {
  File "E:\book-ocr-model\book-ocr\lib\site-packages\pytesseract\pytesseract.py", line 489, in <lambda>
    Output.STRING: lambda: run_and_get_output(*args),
  File "E:\book-ocr-model\book-ocr\lib\site-packages\pytesseract\pytesseract.py", line 352, in run_and_get_output
    run_tesseract(**kwargs)
  File "E:\book-ocr-model\book-ocr\lib\site-packages\pytesseract\pytesseract.py", line 280, in run_tesseract
    raise TesseractNotFoundError()
pytesseract.pytesseract.TesseractNotFoundError: tesseract is not installed or it's not in your PATH. See README file for more information.
2026-01-07 19:14:31 | BookOCR |CRITICAL | critical:79 | Failed to process image | {"image_path": "E:\\book-ocr-model\\data\\input\\img51.jpg"}
Traceback (most recent call last):
  File "E:\book-ocr-model\book-ocr\lib\site-packages\pytesseract\pytesseract.py", line 275, in run_tesseract
    proc = subprocess.Popen(cmd_args, **subprocess_args())
  File "C:\Users\AVIRUP\AppData\Local\Programs\Python\Python310\lib\subprocess.py", line 966, in __init__
    self._execute_child(args, executable, preexec_fn, close_fds,
  File "C:\Users\AVIRUP\AppData\Local\Programs\Python\Python310\lib\subprocess.py", line 1435, in _execute_child
    hp, ht, pid, tid = _winapi.CreateProcess(executable, args,
FileNotFoundError: [WinError 2] The system cannot find the file specified

During handling of the above exception, another exception occurred:

Traceback (most recent call last):
  File "E:\book-ocr-model\main.py", line 69, in process_image
    text = self.ocr_engine.extract_text(processed_image)
  File "E:\book-ocr-model\ocr\tesseract_engine.py", line 28, in extract_text
    text = pytesseract.image_to_string(image)
  File "E:\book-ocr-model\book-ocr\lib\site-packages\pytesseract\pytesseract.py", line 486, in image_to_string
    return {
  File "E:\book-ocr-model\book-ocr\lib\site-packages\pytesseract\pytesseract.py", line 489, in <lambda>
    Output.STRING: lambda: run_and_get_output(*args),
  File "E:\book-ocr-model\book-ocr\lib\site-packages\pytesseract\pytesseract.py", line 352, in run_and_get_output
    run_tesseract(**kwargs)
  File "E:\book-ocr-model\book-ocr\lib\site-packages\pytesseract\pytesseract.py", line 280, in run_tesseract
    raise TesseractNotFoundError()
pytesseract.pytesseract.TesseractNotFoundError: tesseract is not installed or it's not in your PATH. See README file for more information.
2026-01-07 19:14:31 | BookOCR |   ERROR | error:71 | Failed to process E:\book-ocr-model\data\input\img51.jpg
Traceback (most recent call last):
  File "E:\book-ocr-model\book-ocr\lib\site-packages\pytesseract\pytesseract.py", line 275, in run_tesseract
    proc = subprocess.Popen(cmd_args, **subprocess_args())
  File "C:\Users\AVIRUP\AppData\Local\Programs\Python\Python310\lib\subprocess.py", line 966, in __init__
    self._execute_child(args, executable, preexec_fn, close_fds,
  File "C:\Users\AVIRUP\AppData\Local\Programs\Python\Python310\lib\subprocess.py", line 1435, in _execute_child
    hp, ht, pid, tid = _winapi.CreateProcess(executable, args,
FileNotFoundError: [WinError 2] The system cannot find the file specified

During handling of the above exception, another exception occurred:

Traceback (most recent call last):
  File "E:\book-ocr-model\main.py", line 96, in process_batch
    metadata = self.process_image(image_path, save_processed)
  File "E:\book-ocr-model\main.py", line 69, in process_image
    text = self.ocr_engine.extract_text(processed_image)
  File "E:\book-ocr-model\ocr\tesseract_engine.py", line 28, in extract_text
    text = pytesseract.image_to_string(image)
  File "E:\book-ocr-model\book-ocr\lib\site-packages\pytesseract\pytesseract.py", line 486, in image_to_string
    return {
  File "E:\book-ocr-model\book-ocr\lib\site-packages\pytesseract\pytesseract.py", line 489, in <lambda>
    Output.STRING: lambda: run_and_get_output(*args),
  File "E:\book-ocr-model\book-ocr\lib\site-packages\pytesseract\pytesseract.py", line 352, in run_and_get_output
    run_tesseract(**kwargs)
  File "E:\book-ocr-model\book-ocr\lib\site-packages\pytesseract\pytesseract.py", line 280, in run_tesseract
    raise TesseractNotFoundError()
pytesseract.pytesseract.TesseractNotFoundError: tesseract is not installed or it's not in your PATH. See README file for more information.
2026-01-07 19:14:31 | BookOCR |    INFO | info:60 | Processing image 8/30
2026-01-07 19:14:31 | BookOCR |    INFO | info:60 | ================================================================================
2026-01-07 19:14:31 | BookOCR |    INFO | info:60 | Processing book image: E:\book-ocr-model\data\input\img51.jpg
2026-01-07 19:14:31 | BookOCR |    INFO | info:60 | ================================================================================
2026-01-07 19:14:31 | BookOCR |    INFO | info:60 | Step 1/3: Preprocessing image
2026-01-07 19:14:31 | BookOCR |    INFO | info:60 | Preprocessing image: E:\book-ocr-model\data\input\img51.jpg
2026-01-07 19:14:31 | BookOCR |   DEBUG | debug:55 | Original image loaded | Context: {"shape": [2043, 1260, 3], "dtype": "uint8"}
2026-01-07 19:14:31 | BookOCR |   DEBUG | debug:55 | Converted to grayscale
2026-01-07 19:14:32 | BookOCR |   DEBUG | debug:55 | Applied denoising
2026-01-07 19:14:32 | BookOCR |   DEBUG | debug:55 | Applied adaptive thresholding
2026-01-07 19:14:33 | BookOCR |   DEBUG | debug:55 | Saved processed image to: E:\book-ocr-model\data\processed\img51.jpg
2026-01-07 19:14:33 | BookOCR |    INFO | info:60 | Image preprocessing completed successfully
2026-01-07 19:14:33 | BookOCR |    INFO | info:60 | Step 2/3: Performing OCR
2026-01-07 19:14:33 | BookOCR |    INFO | info:60 | Starting Tesseract OCR extraction
2026-01-07 19:14:33 | BookOCR |   ERROR | error:71 | Tesseract extraction failed
Traceback (most recent call last):
  File "E:\book-ocr-model\book-ocr\lib\site-packages\pytesseract\pytesseract.py", line 275, in run_tesseract
    proc = subprocess.Popen(cmd_args, **subprocess_args())
  File "C:\Users\AVIRUP\AppData\Local\Programs\Python\Python310\lib\subprocess.py", line 966, in __init__
    self._execute_child(args, executable, preexec_fn, close_fds,
  File "C:\Users\AVIRUP\AppData\Local\Programs\Python\Python310\lib\subprocess.py", line 1435, in _execute_child
    hp, ht, pid, tid = _winapi.CreateProcess(executable, args,
FileNotFoundError: [WinError 2] The system cannot find the file specified

During handling of the above exception, another exception occurred:

Traceback (most recent call last):
  File "E:\book-ocr-model\ocr\tesseract_engine.py", line 28, in extract_text
    text = pytesseract.image_to_string(image)
  File "E:\book-ocr-model\book-ocr\lib\site-packages\pytesseract\pytesseract.py", line 486, in image_to_string
    return {
  File "E:\book-ocr-model\book-ocr\lib\site-packages\pytesseract\pytesseract.py", line 489, in <lambda>
    Output.STRING: lambda: run_and_get_output(*args),
  File "E:\book-ocr-model\book-ocr\lib\site-packages\pytesseract\pytesseract.py", line 352, in run_and_get_output
    run_tesseract(**kwargs)
  File "E:\book-ocr-model\book-ocr\lib\site-packages\pytesseract\pytesseract.py", line 280, in run_tesseract
    raise TesseractNotFoundError()
pytesseract.pytesseract.TesseractNotFoundError: tesseract is not installed or it's not in your PATH. See README file for more information.
2026-01-07 19:14:33 | BookOCR |CRITICAL | critical:79 | Failed to process image | {"image_path": "E:\\book-ocr-model\\data\\input\\img51.jpg"}
Traceback (most recent call last):
  File "E:\book-ocr-model\book-ocr\lib\site-packages\pytesseract\pytesseract.py", line 275, in run_tesseract
    proc = subprocess.Popen(cmd_args, **subprocess_args())
  File "C:\Users\AVIRUP\AppData\Local\Programs\Python\Python310\lib\subprocess.py", line 966, in __init__
    self._execute_child(args, executable, preexec_fn, close_fds,
  File "C:\Users\AVIRUP\AppData\Local\Programs\Python\Python310\lib\subprocess.py", line 1435, in _execute_child
    hp, ht, pid, tid = _winapi.CreateProcess(executable, args,
FileNotFoundError: [WinError 2] The system cannot find the file specified

During handling of the above exception, another exception occurred:

Traceback (most recent call last):
  File "E:\book-ocr-model\main.py", line 69, in process_image
    text = self.ocr_engine.extract_text(processed_image)
  File "E:\book-ocr-model\ocr\tesseract_engine.py", line 28, in extract_text
    text = pytesseract.image_to_string(image)
  File "E:\book-ocr-model\book-ocr\lib\site-packages\pytesseract\pytesseract.py", line 486, in image_to_string
    return {
  File "E:\book-ocr-model\book-ocr\lib\site-packages\pytesseract\pytesseract.py", line 489, in <lambda>
    Output.STRING: lambda: run_and_get_output(*args),
  File "E:\book-ocr-model\book-ocr\lib\site-packages\pytesseract\pytesseract.py", line 352, in run_and_get_output
    run_tesseract(**kwargs)
  File "E:\book-ocr-model\book-ocr\lib\site-packages\pytesseract\pytesseract.py", line 280, in run_tesseract
    raise TesseractNotFoundError()
pytesseract.pytesseract.TesseractNotFoundError: tesseract is not installed or it's not in your PATH. See README file for more information.
2026-01-07 19:14:33 | BookOCR |   ERROR | error:71 | Failed to process E:\book-ocr-model\data\input\img51.jpg
Traceback (most recent call last):
  File "E:\book-ocr-model\book-ocr\lib\site-packages\pytesseract\pytesseract.py", line 275, in run_tesseract
    proc = subprocess.Popen(cmd_args, **subprocess_args())
  File "C:\Users\AVIRUP\AppData\Local\Programs\Python\Python310\lib\subprocess.py", line 966, in __init__
    self._execute_child(args, executable, preexec_fn, close_fds,
  File "C:\Users\AVIRUP\AppData\Local\Programs\Python\Python310\lib\subprocess.py", line 1435, in _execute_child
    hp, ht, pid, tid = _winapi.CreateProcess(executable, args,
FileNotFoundError: [WinError 2] The system cannot find the file specified

During handling of the above exception, another exception occurred:

Traceback (most recent call last):
  File "E:\book-ocr-model\main.py", line 96, in process_batch
    metadata = self.process_image(image_path, save_processed)
  File "E:\book-ocr-model\main.py", line 69, in process_image
    text = self.ocr_engine.extract_text(processed_image)
  File "E:\book-ocr-model\ocr\tesseract_engine.py", line 28, in extract_text
    text = pytesseract.image_to_string(image)
  File "E:\book-ocr-model\book-ocr\lib\site-packages\pytesseract\pytesseract.py", line 486, in image_to_string
    return {
  File "E:\book-ocr-model\book-ocr\lib\site-packages\pytesseract\pytesseract.py", line 489, in <lambda>
    Output.STRING: lambda: run_and_get_output(*args),
  File "E:\book-ocr-model\book-ocr\lib\site-packages\pytesseract\pytesseract.py", line 352, in run_and_get_output
    run_tesseract(**kwargs)
  File "E:\book-ocr-model\book-ocr\lib\site-packages\pytesseract\pytesseract.py", line 280, in run_tesseract
    raise TesseractNotFoundError()
pytesseract.pytesseract.TesseractNotFoundError: tesseract is not installed or it's not in your PATH. See README file for more information.
2026-01-07 19:14:33 | BookOCR |    INFO | info:60 | Processing image 9/30
2026-01-07 19:14:33 | BookOCR |    INFO | info:60 | ================================================================================
2026-01-07 19:14:33 | BookOCR |    INFO | info:60 | Processing book image: E:\book-ocr-model\data\input\img52.jpg
2026-01-07 19:14:33 | BookOCR |    INFO | info:60 | ================================================================================
2026-01-07 19:14:33 | BookOCR |    INFO | info:60 | Step 1/3: Preprocessing image
2026-01-07 19:14:33 | BookOCR |    INFO | info:60 | Preprocessing image: E:\book-ocr-model\data\input\img52.jpg
2026-01-07 19:14:33 | BookOCR |   DEBUG | debug:55 | Original image loaded | Context: {"shape": [2800, 291, 3], "dtype": "uint8"}
2026-01-07 19:14:33 | BookOCR |   DEBUG | debug:55 | Converted to grayscale
2026-01-07 19:14:33 | BookOCR |   DEBUG | debug:55 | Applied denoising
2026-01-07 19:14:33 | BookOCR |   DEBUG | debug:55 | Applied adaptive thresholding
2026-01-07 19:14:33 | BookOCR |   DEBUG | debug:55 | Deskewed image by -90.00 degrees
2026-01-07 19:14:33 | BookOCR |   DEBUG | debug:55 | Saved processed image to: E:\book-ocr-model\data\processed\img52.jpg
2026-01-07 19:14:33 | BookOCR |    INFO | info:60 | Image preprocessing completed successfully
2026-01-07 19:14:33 | BookOCR |    INFO | info:60 | Step 2/3: Performing OCR
2026-01-07 19:14:33 | BookOCR |    INFO | info:60 | Starting Tesseract OCR extraction
2026-01-07 19:14:33 | BookOCR |   ERROR | error:71 | Tesseract extraction failed
Traceback (most recent call last):
  File "E:\book-ocr-model\book-ocr\lib\site-packages\pytesseract\pytesseract.py", line 275, in run_tesseract
    proc = subprocess.Popen(cmd_args, **subprocess_args())
  File "C:\Users\AVIRUP\AppData\Local\Programs\Python\Python310\lib\subprocess.py", line 966, in __init__
    self._execute_child(args, executable, preexec_fn, close_fds,
  File "C:\Users\AVIRUP\AppData\Local\Programs\Python\Python310\lib\subprocess.py", line 1435, in _execute_child
    hp, ht, pid, tid = _winapi.CreateProcess(executable, args,
FileNotFoundError: [WinError 2] The system cannot find the file specified

During handling of the above exception, another exception occurred:

Traceback (most recent call last):
  File "E:\book-ocr-model\ocr\tesseract_engine.py", line 28, in extract_text
    text = pytesseract.image_to_string(image)
  File "E:\book-ocr-model\book-ocr\lib\site-packages\pytesseract\pytesseract.py", line 486, in image_to_string
    return {
  File "E:\book-ocr-model\book-ocr\lib\site-packages\pytesseract\pytesseract.py", line 489, in <lambda>
    Output.STRING: lambda: run_and_get_output(*args),
  File "E:\book-ocr-model\book-ocr\lib\site-packages\pytesseract\pytesseract.py", line 352, in run_and_get_output
    run_tesseract(**kwargs)
  File "E:\book-ocr-model\book-ocr\lib\site-packages\pytesseract\pytesseract.py", line 280, in run_tesseract
    raise TesseractNotFoundError()
pytesseract.pytesseract.TesseractNotFoundError: tesseract is not installed or it's not in your PATH. See README file for more information.
2026-01-07 19:14:33 | BookOCR |CRITICAL | critical:79 | Failed to process image | {"image_path": "E:\\book-ocr-model\\data\\input\\img52.jpg"}
Traceback (most recent call last):
  File "E:\book-ocr-model\book-ocr\lib\site-packages\pytesseract\pytesseract.py", line 275, in run_tesseract
    proc = subprocess.Popen(cmd_args, **subprocess_args())
  File "C:\Users\AVIRUP\AppData\Local\Programs\Python\Python310\lib\subprocess.py", line 966, in __init__
    self._execute_child(args, executable, preexec_fn, close_fds,
  File "C:\Users\AVIRUP\AppData\Local\Programs\Python\Python310\lib\subprocess.py", line 1435, in _execute_child
    hp, ht, pid, tid = _winapi.CreateProcess(executable, args,
FileNotFoundError: [WinError 2] The system cannot find the file specified

During handling of the above exception, another exception occurred:

Traceback (most recent call last):
  File "E:\book-ocr-model\main.py", line 69, in process_image
    text = self.ocr_engine.extract_text(processed_image)
  File "E:\book-ocr-model\ocr\tesseract_engine.py", line 28, in extract_text
    text = pytesseract.image_to_string(image)
  File "E:\book-ocr-model\book-ocr\lib\site-packages\pytesseract\pytesseract.py", line 486, in image_to_string
    return {
  File "E:\book-ocr-model\book-ocr\lib\site-packages\pytesseract\pytesseract.py", line 489, in <lambda>
    Output.STRING: lambda: run_and_get_output(*args),
  File "E:\book-ocr-model\book-ocr\lib\site-packages\pytesseract\pytesseract.py", line 352, in run_and_get_output
    run_tesseract(**kwargs)
  File "E:\book-ocr-model\book-ocr\lib\site-packages\pytesseract\pytesseract.py", line 280, in run_tesseract
    raise TesseractNotFoundError()
pytesseract.pytesseract.TesseractNotFoundError: tesseract is not installed or it's not in your PATH. See README file for more information.
2026-01-07 19:14:33 | BookOCR |   ERROR | error:71 | Failed to process E:\book-ocr-model\data\input\img52.jpg
Traceback (most recent call last):
  File "E:\book-ocr-model\book-ocr\lib\site-packages\pytesseract\pytesseract.py", line 275, in run_tesseract
    proc = subprocess.Popen(cmd_args, **subprocess_args())
  File "C:\Users\AVIRUP\AppData\Local\Programs\Python\Python310\lib\subprocess.py", line 966, in __init__
    self._execute_child(args, executable, preexec_fn, close_fds,
  File "C:\Users\AVIRUP\AppData\Local\Programs\Python\Python310\lib\subprocess.py", line 1435, in _execute_child
    hp, ht, pid, tid = _winapi.CreateProcess(executable, args,
FileNotFoundError: [WinError 2] The system cannot find the file specified

During handling of the above exception, another exception occurred:

Traceback (most recent call last):
  File "E:\book-ocr-model\main.py", line 96, in process_batch
    metadata = self.process_image(image_path, save_processed)
  File "E:\book-ocr-model\main.py", line 69, in process_image
    text = self.ocr_engine.extract_text(processed_image)
  File "E:\book-ocr-model\ocr\tesseract_engine.py", line 28, in extract_text
    text = pytesseract.image_to_string(image)
  File "E:\book-ocr-model\book-ocr\lib\site-packages\pytesseract\pytesseract.py", line 486, in image_to_string
    return {
  File "E:\book-ocr-model\book-ocr\lib\site-packages\pytesseract\pytesseract.py", line 489, in <lambda>
    Output.STRING: lambda: run_and_get_output(*args),
  File "E:\book-ocr-model\book-ocr\lib\site-packages\pytesseract\pytesseract.py", line 352, in run_and_get_output
    run_tesseract(**kwargs)
  File "E:\book-ocr-model\book-ocr\lib\site-packages\pytesseract\pytesseract.py", line 280, in run_tesseract
    raise TesseractNotFoundError()
pytesseract.pytesseract.TesseractNotFoundError: tesseract is not installed or it's not in your PATH. See README file for more information.
2026-01-07 19:14:33 | BookOCR |    INFO | info:60 | Processing image 10/30
2026-01-07 19:14:33 | BookOCR |    INFO | info:60 | ================================================================================
2026-01-07 19:14:33 | BookOCR |    INFO | info:60 | Processing book image: E:\book-ocr-model\data\input\img52.jpg
2026-01-07 19:14:33 | BookOCR |    INFO | info:60 | ================================================================================
2026-01-07 19:14:33 | BookOCR |    INFO | info:60 | Step 1/3: Preprocessing image
2026-01-07 19:14:33 | BookOCR |    INFO | info:60 | Preprocessing image: E:\book-ocr-model\data\input\img52.jpg
2026-01-07 19:14:33 | BookOCR |   DEBUG | debug:55 | Original image loaded | Context: {"shape": [2800, 291, 3], "dtype": "uint8"}
2026-01-07 19:14:33 | BookOCR |   DEBUG | debug:55 | Converted to grayscale
2026-01-07 19:14:34 | BookOCR |   DEBUG | debug:55 | Applied denoising
2026-01-07 19:14:34 | BookOCR |   DEBUG | debug:55 | Applied adaptive thresholding
2026-01-07 19:14:34 | BookOCR |   DEBUG | debug:55 | Deskewed image by -90.00 degrees
2026-01-07 19:14:34 | BookOCR |   DEBUG | debug:55 | Saved processed image to: E:\book-ocr-model\data\processed\img52.jpg
2026-01-07 19:14:34 | BookOCR |    INFO | info:60 | Image preprocessing completed successfully
2026-01-07 19:14:34 | BookOCR |    INFO | info:60 | Step 2/3: Performing OCR
2026-01-07 19:14:34 | BookOCR |    INFO | info:60 | Starting Tesseract OCR extraction
2026-01-07 19:14:34 | BookOCR |   ERROR | error:71 | Tesseract extraction failed
Traceback (most recent call last):
  File "E:\book-ocr-model\book-ocr\lib\site-packages\pytesseract\pytesseract.py", line 275, in run_tesseract
    proc = subprocess.Popen(cmd_args, **subprocess_args())
  File "C:\Users\AVIRUP\AppData\Local\Programs\Python\Python310\lib\subprocess.py", line 966, in __init__
    self._execute_child(args, executable, preexec_fn, close_fds,
  File "C:\Users\AVIRUP\AppData\Local\Programs\Python\Python310\lib\subprocess.py", line 1435, in _execute_child
    hp, ht, pid, tid = _winapi.CreateProcess(executable, args,
FileNotFoundError: [WinError 2] The system cannot find the file specified

During handling of the above exception, another exception occurred:

Traceback (most recent call last):
  File "E:\book-ocr-model\ocr\tesseract_engine.py", line 28, in extract_text
    text = pytesseract.image_to_string(image)
  File "E:\book-ocr-model\book-ocr\lib\site-packages\pytesseract\pytesseract.py", line 486, in image_to_string
    return {
  File "E:\book-ocr-model\book-ocr\lib\site-packages\pytesseract\pytesseract.py", line 489, in <lambda>
    Output.STRING: lambda: run_and_get_output(*args),
  File "E:\book-ocr-model\book-ocr\lib\site-packages\pytesseract\pytesseract.py", line 352, in run_and_get_output
    run_tesseract(**kwargs)
  File "E:\book-ocr-model\book-ocr\lib\site-packages\pytesseract\pytesseract.py", line 280, in run_tesseract
    raise TesseractNotFoundError()
pytesseract.pytesseract.TesseractNotFoundError: tesseract is not installed or it's not in your PATH. See README file for more information.
2026-01-07 19:14:34 | BookOCR |CRITICAL | critical:79 | Failed to process image | {"image_path": "E:\\book-ocr-model\\data\\input\\img52.jpg"}
Traceback (most recent call last):
  File "E:\book-ocr-model\book-ocr\lib\site-packages\pytesseract\pytesseract.py", line 275, in run_tesseract
    proc = subprocess.Popen(cmd_args, **subprocess_args())
  File "C:\Users\AVIRUP\AppData\Local\Programs\Python\Python310\lib\subprocess.py", line 966, in __init__
    self._execute_child(args, executable, preexec_fn, close_fds,
  File "C:\Users\AVIRUP\AppData\Local\Programs\Python\Python310\lib\subprocess.py", line 1435, in _execute_child
    hp, ht, pid, tid = _winapi.CreateProcess(executable, args,
FileNotFoundError: [WinError 2] The system cannot find the file specified

During handling of the above exception, another exception occurred:

Traceback (most recent call last):
  File "E:\book-ocr-model\main.py", line 69, in process_image
    text = self.ocr_engine.extract_text(processed_image)
  File "E:\book-ocr-model\ocr\tesseract_engine.py", line 28, in extract_text
    text = pytesseract.image_to_string(image)
  File "E:\book-ocr-model\book-ocr\lib\site-packages\pytesseract\pytesseract.py", line 486, in image_to_string
    return {
  File "E:\book-ocr-model\book-ocr\lib\site-packages\pytesseract\pytesseract.py", line 489, in <lambda>
    Output.STRING: lambda: run_and_get_output(*args),
  File "E:\book-ocr-model\book-ocr\lib\site-packages\pytesseract\pytesseract.py", line 352, in run_and_get_output
    run_tesseract(**kwargs)
  File "E:\book-ocr-model\book-ocr\lib\site-packages\pytesseract\pytesseract.py", line 280, in run_tesseract
    raise TesseractNotFoundError()
pytesseract.pytesseract.TesseractNotFoundError: tesseract is not installed or it's not in your PATH. See README file for more information.
2026-01-07 19:14:34 | BookOCR |   ERROR | error:71 | Failed to process E:\book-ocr-model\data\input\img52.jpg
Traceback (most recent call last):
  File "E:\book-ocr-model\book-ocr\lib\site-packages\pytesseract\pytesseract.py", line 275, in run_tesseract
    proc = subprocess.Popen(cmd_args, **subprocess_args())
  File "C:\Users\AVIRUP\AppData\Local\Programs\Python\Python310\lib\subprocess.py", line 966, in __init__
    self._execute_child(args, executable, preexec_fn, close_fds,
  File "C:\Users\AVIRUP\AppData\Local\Programs\Python\Python310\lib\subprocess.py", line 1435, in _execute_child
    hp, ht, pid, tid = _winapi.CreateProcess(executable, args,
FileNotFoundError: [WinError 2] The system cannot find the file specified

During handling of the above exception, another exception occurred:

Traceback (most recent call last):
  File "E:\book-ocr-model\main.py", line 96, in process_batch
    metadata = self.process_image(image_path, save_processed)
  File "E:\book-ocr-model\main.py", line 69, in process_image
    text = self.ocr_engine.extract_text(processed_image)
  File "E:\book-ocr-model\ocr\tesseract_engine.py", line 28, in extract_text
    text = pytesseract.image_to_string(image)
  File "E:\book-ocr-model\book-ocr\lib\site-packages\pytesseract\pytesseract.py", line 486, in image_to_string
    return {
  File "E:\book-ocr-model\book-ocr\lib\site-packages\pytesseract\pytesseract.py", line 489, in <lambda>
    Output.STRING: lambda: run_and_get_output(*args),
  File "E:\book-ocr-model\book-ocr\lib\site-packages\pytesseract\pytesseract.py", line 352, in run_and_get_output
    run_tesseract(**kwargs)
  File "E:\book-ocr-model\book-ocr\lib\site-packages\pytesseract\pytesseract.py", line 280, in run_tesseract
    raise TesseractNotFoundError()
pytesseract.pytesseract.TesseractNotFoundError: tesseract is not installed or it's not in your PATH. See README file for more information.
2026-01-07 19:14:34 | BookOCR |    INFO | info:60 | Processing image 11/30
2026-01-07 19:14:34 | BookOCR |    INFO | info:60 | ================================================================================
2026-01-07 19:14:34 | BookOCR |    INFO | info:60 | Processing book image: E:\book-ocr-model\data\input\img53.jpg
2026-01-07 19:14:34 | BookOCR |    INFO | info:60 | ================================================================================
2026-01-07 19:14:34 | BookOCR |    INFO | info:60 | Step 1/3: Preprocessing image
2026-01-07 19:14:34 | BookOCR |    INFO | info:60 | Preprocessing image: E:\book-ocr-model\data\input\img53.jpg
2026-01-07 19:14:34 | BookOCR |   DEBUG | debug:55 | Original image loaded | Context: {"shape": [2043, 1260, 3], "dtype": "uint8"}
2026-01-07 19:14:34 | BookOCR |   DEBUG | debug:55 | Converted to grayscale
2026-01-07 19:14:35 | BookOCR |   DEBUG | debug:55 | Applied denoising
2026-01-07 19:14:35 | BookOCR |   DEBUG | debug:55 | Applied adaptive thresholding
2026-01-07 19:17:47 | BookOCR |    INFO | __init__:50 | Logger initialized. Logs saved to: E:\book-ocr-model\logs\BookOCR.log
2026-01-07 19:17:47 | BookOCR |    INFO | info:60 | Initializing Book OCR System
2026-01-07 19:17:47 | BookOCR |    INFO | info:60 | Initializing EasyOCR reader...
2026-01-07 19:18:52 | BookOCR |    INFO | __init__:50 | Logger initialized. Logs saved to: E:\book-ocr-model\logs\BookOCR.log
2026-01-07 19:18:52 | BookOCR |    INFO | info:60 | Initializing Book OCR System
2026-01-07 19:18:52 | BookOCR |    INFO | info:60 | Initializing EasyOCR reader...
2026-01-07 19:19:22 | BookOCR |    INFO | info:60 | EasyOCR reader initialized
2026-01-07 19:19:22 | BookOCR |    INFO | info:60 | Book OCR System initialized successfully
2026-01-07 19:19:22 | BookOCR |    INFO | info:60 | Found 30 images in E:\book-ocr-model\data\input
2026-01-07 19:19:22 | BookOCR |    INFO | info:60 | Starting batch processing of 30 images
2026-01-07 19:19:22 | BookOCR |    INFO | info:60 | Processing image 1/30
2026-01-07 19:19:22 | BookOCR |    INFO | info:60 | ================================================================================
2026-01-07 19:19:22 | BookOCR |    INFO | info:60 | Processing book image: E:\book-ocr-model\data\input\img48.jpg
2026-01-07 19:19:22 | BookOCR |    INFO | info:60 | ================================================================================
2026-01-07 19:19:22 | BookOCR |    INFO | info:60 | Step 1/3: Preprocessing image
2026-01-07 19:19:22 | BookOCR |    INFO | info:60 | Preprocessing image: E:\book-ocr-model\data\input\img48.jpg
2026-01-07 19:19:22 | BookOCR |   DEBUG | debug:55 | Original image loaded | Context: {"shape": [1663, 1260, 3], "dtype": "uint8"}
2026-01-07 19:19:22 | BookOCR |   DEBUG | debug:55 | Converted to grayscale
2026-01-07 19:19:23 | BookOCR |   DEBUG | debug:55 | Applied denoising
2026-01-07 19:19:23 | BookOCR |   DEBUG | debug:55 | Applied adaptive thresholding
2026-01-07 19:19:23 | BookOCR |   DEBUG | debug:55 | Deskewed image by -90.00 degrees
2026-01-07 19:19:23 | BookOCR |   DEBUG | debug:55 | Saved processed image to: E:\book-ocr-model\data\processed\img48.jpg
2026-01-07 19:19:23 | BookOCR |    INFO | info:60 | Image preprocessing completed successfully
2026-01-07 19:19:23 | BookOCR |    INFO | info:60 | Step 2/3: Performing OCR
2026-01-07 19:19:23 | BookOCR |    INFO | info:60 | Starting EasyOCR extraction
2026-01-07 19:19:34 | BookOCR |    INFO | info:60 | EasyOCR completed | {"text_length": 35, "confidence": "0.43"}
2026-01-07 19:19:34 | BookOCR |    INFO | info:60 | Step 3/3: Extracting information
2026-01-07 19:19:34 | BookOCR |    INFO | info:60 | Startin information extraction
2026-01-07 19:19:34 | BookOCR |   DEBUG | debug:55 | Input text preview | Context: {"preview": "0 2 0 9 1 0 2 1 1 2 0 8 MwM 1 3 1 !"}
2026-01-07 19:19:34 | BookOCR |   DEBUG | debug:55 | Extracted title: 0 2 0 9 1 0 2 1 1 2 0 8 MwM 1 3 1 !
2026-01-07 19:19:34 | BookOCR |   ERROR | error:71 | Information extraction failed
Traceback (most recent call last):
  File "E:\book-ocr-model\extraction\extraction.py", line 34, in extract
    metadata.language = self._extratc_language(text)
AttributeError: 'InformationExtractor' object has no attribute '_extratc_language'
2026-01-07 19:19:34 | BookOCR |CRITICAL | critical:79 | Failed to process image | {"image_path": "E:\\book-ocr-model\\data\\input\\img48.jpg"}
Traceback (most recent call last):
  File "E:\book-ocr-model\main.py", line 73, in process_image
    metadata = self.extractor.extract(text)
  File "E:\book-ocr-model\extraction\extraction.py", line 34, in extract
    metadata.language = self._extratc_language(text)
AttributeError: 'InformationExtractor' object has no attribute '_extratc_language'
2026-01-07 19:19:34 | BookOCR |   ERROR | error:71 | Failed to process E:\book-ocr-model\data\input\img48.jpg
Traceback (most recent call last):
  File "E:\book-ocr-model\main.py", line 96, in process_batch
    metadata = self.process_image(image_path, save_processed)
  File "E:\book-ocr-model\main.py", line 73, in process_image
    metadata = self.extractor.extract(text)
  File "E:\book-ocr-model\extraction\extraction.py", line 34, in extract
    metadata.language = self._extratc_language(text)
AttributeError: 'InformationExtractor' object has no attribute '_extratc_language'
2026-01-07 19:19:34 | BookOCR |    INFO | info:60 | Processing image 2/30
2026-01-07 19:19:34 | BookOCR |    INFO | info:60 | ================================================================================
2026-01-07 19:19:34 | BookOCR |    INFO | info:60 | Processing book image: E:\book-ocr-model\data\input\img48.jpg
2026-01-07 19:19:34 | BookOCR |    INFO | info:60 | ================================================================================
2026-01-07 19:19:34 | BookOCR |    INFO | info:60 | Step 1/3: Preprocessing image
2026-01-07 19:19:34 | BookOCR |    INFO | info:60 | Preprocessing image: E:\book-ocr-model\data\input\img48.jpg
2026-01-07 19:19:34 | BookOCR |   DEBUG | debug:55 | Original image loaded | Context: {"shape": [1663, 1260, 3], "dtype": "uint8"}
2026-01-07 19:19:34 | BookOCR |   DEBUG | debug:55 | Converted to grayscale
2026-01-07 19:19:35 | BookOCR |   DEBUG | debug:55 | Applied denoising
2026-01-07 19:19:35 | BookOCR |   DEBUG | debug:55 | Applied adaptive thresholding
2026-01-07 19:19:35 | BookOCR |   DEBUG | debug:55 | Deskewed image by -90.00 degrees
2026-01-07 19:19:35 | BookOCR |   DEBUG | debug:55 | Saved processed image to: E:\book-ocr-model\data\processed\img48.jpg
2026-01-07 19:19:35 | BookOCR |    INFO | info:60 | Image preprocessing completed successfully
2026-01-07 19:19:35 | BookOCR |    INFO | info:60 | Step 2/3: Performing OCR
2026-01-07 19:19:35 | BookOCR |    INFO | info:60 | Starting EasyOCR extraction
2026-01-07 19:19:45 | BookOCR |    INFO | info:60 | EasyOCR completed | {"text_length": 35, "confidence": "0.43"}
2026-01-07 19:19:45 | BookOCR |    INFO | info:60 | Step 3/3: Extracting information
2026-01-07 19:19:45 | BookOCR |    INFO | info:60 | Startin information extraction
2026-01-07 19:19:45 | BookOCR |   DEBUG | debug:55 | Input text preview | Context: {"preview": "0 2 0 9 1 0 2 1 1 2 0 8 MwM 1 3 1 !"}
2026-01-07 19:19:45 | BookOCR |   DEBUG | debug:55 | Extracted title: 0 2 0 9 1 0 2 1 1 2 0 8 MwM 1 3 1 !
2026-01-07 19:19:45 | BookOCR |   ERROR | error:71 | Information extraction failed
Traceback (most recent call last):
  File "E:\book-ocr-model\extraction\extraction.py", line 34, in extract
    metadata.language = self._extratc_language(text)
AttributeError: 'InformationExtractor' object has no attribute '_extratc_language'
2026-01-07 19:19:45 | BookOCR |CRITICAL | critical:79 | Failed to process image | {"image_path": "E:\\book-ocr-model\\data\\input\\img48.jpg"}
Traceback (most recent call last):
  File "E:\book-ocr-model\main.py", line 73, in process_image
    metadata = self.extractor.extract(text)
  File "E:\book-ocr-model\extraction\extraction.py", line 34, in extract
    metadata.language = self._extratc_language(text)
AttributeError: 'InformationExtractor' object has no attribute '_extratc_language'
2026-01-07 19:19:45 | BookOCR |   ERROR | error:71 | Failed to process E:\book-ocr-model\data\input\img48.jpg
Traceback (most recent call last):
  File "E:\book-ocr-model\main.py", line 96, in process_batch
    metadata = self.process_image(image_path, save_processed)
  File "E:\book-ocr-model\main.py", line 73, in process_image
    metadata = self.extractor.extract(text)
  File "E:\book-ocr-model\extraction\extraction.py", line 34, in extract
    metadata.language = self._extratc_language(text)
AttributeError: 'InformationExtractor' object has no attribute '_extratc_language'
2026-01-07 19:19:45 | BookOCR |    INFO | info:60 | Processing image 3/30
2026-01-07 19:19:45 | BookOCR |    INFO | info:60 | ================================================================================
2026-01-07 19:19:45 | BookOCR |    INFO | info:60 | Processing book image: E:\book-ocr-model\data\input\img49.jpg
2026-01-07 19:19:45 | BookOCR |    INFO | info:60 | ================================================================================
2026-01-07 19:19:45 | BookOCR |    INFO | info:60 | Step 1/3: Preprocessing image
2026-01-07 19:19:45 | BookOCR |    INFO | info:60 | Preprocessing image: E:\book-ocr-model\data\input\img49.jpg
2026-01-07 19:19:45 | BookOCR |   DEBUG | debug:55 | Original image loaded | Context: {"shape": [2800, 335, 3], "dtype": "uint8"}
2026-01-07 19:19:45 | BookOCR |   DEBUG | debug:55 | Converted to grayscale
2026-01-07 19:19:46 | BookOCR |   DEBUG | debug:55 | Applied denoising
2026-01-07 19:19:46 | BookOCR |   DEBUG | debug:55 | Applied adaptive thresholding
2026-01-07 19:19:46 | BookOCR |   DEBUG | debug:55 | Saved processed image to: E:\book-ocr-model\data\processed\img49.jpg
2026-01-07 19:19:46 | BookOCR |    INFO | info:60 | Image preprocessing completed successfully
2026-01-07 19:19:46 | BookOCR |    INFO | info:60 | Step 2/3: Performing OCR
2026-01-07 19:19:46 | BookOCR |    INFO | info:60 | Starting EasyOCR extraction
2026-01-07 19:20:18 | BookOCR |    INFO | __init__:50 | Logger initialized. Logs saved to: E:\book-ocr-model\logs\BookOCR.log
2026-01-07 19:20:18 | BookOCR |    INFO | info:60 | Initializing Book OCR System
2026-01-07 19:20:18 | BookOCR |    INFO | info:60 | Initializing EasyOCR reader...
2026-01-07 19:20:19 | BookOCR |    INFO | info:60 | EasyOCR reader initialized
2026-01-07 19:20:19 | BookOCR |    INFO | info:60 | Book OCR System initialized successfully
2026-01-07 19:20:19 | BookOCR |    INFO | info:60 | Found 30 images in E:\book-ocr-model\data\input
2026-01-07 19:20:19 | BookOCR |    INFO | info:60 | Starting batch processing of 30 images
2026-01-07 19:20:19 | BookOCR |    INFO | info:60 | Processing image 1/30
2026-01-07 19:20:19 | BookOCR |    INFO | info:60 | ================================================================================
2026-01-07 19:20:19 | BookOCR |    INFO | info:60 | Processing book image: E:\book-ocr-model\data\input\img48.jpg
2026-01-07 19:20:19 | BookOCR |    INFO | info:60 | ================================================================================
2026-01-07 19:20:19 | BookOCR |    INFO | info:60 | Step 1/3: Preprocessing image
2026-01-07 19:20:19 | BookOCR |    INFO | info:60 | Preprocessing image: E:\book-ocr-model\data\input\img48.jpg
2026-01-07 19:20:19 | BookOCR |   DEBUG | debug:55 | Original image loaded | Context: {"shape": [1663, 1260, 3], "dtype": "uint8"}
2026-01-07 19:20:19 | BookOCR |   DEBUG | debug:55 | Converted to grayscale
2026-01-07 19:20:20 | BookOCR |   DEBUG | debug:55 | Applied denoising
2026-01-07 19:20:20 | BookOCR |   DEBUG | debug:55 | Applied adaptive thresholding
2026-01-07 19:20:20 | BookOCR |   DEBUG | debug:55 | Deskewed image by -90.00 degrees
2026-01-07 19:20:20 | BookOCR |   DEBUG | debug:55 | Saved processed image to: E:\book-ocr-model\data\processed\img48.jpg
2026-01-07 19:20:20 | BookOCR |    INFO | info:60 | Image preprocessing completed successfully
2026-01-07 19:20:20 | BookOCR |    INFO | info:60 | Step 2/3: Performing OCR
2026-01-07 19:20:20 | BookOCR |    INFO | info:60 | Starting EasyOCR extraction
2026-01-07 19:20:30 | BookOCR |    INFO | info:60 | EasyOCR completed | {"text_length": 35, "confidence": "0.43"}
2026-01-07 19:20:30 | BookOCR |    INFO | info:60 | Step 3/3: Extracting information
2026-01-07 19:20:30 | BookOCR |    INFO | info:60 | Startin information extraction
2026-01-07 19:20:30 | BookOCR |   DEBUG | debug:55 | Input text preview | Context: {"preview": "0 2 0 9 1 0 2 1 1 2 0 8 MwM 1 3 1 !"}
2026-01-07 19:20:30 | BookOCR |   DEBUG | debug:55 | Extracted title: 0 2 0 9 1 0 2 1 1 2 0 8 MwM 1 3 1 !
2026-01-07 19:20:30 | BookOCR |    INFO | info:60 | Information extraction completed
2026-01-07 19:20:30 | BookOCR |   DEBUG | debug:55 | Extracted fields | Context: {"fields": {"title": "0 2 0 9 1 0 2 1 1 2 0 8 MwM 1 3 1 !"}}
2026-01-07 19:20:30 | BookOCR |    INFO | info:60 | ================================================================================
2026-01-07 19:20:30 | BookOCR |    INFO | info:60 | Extraction completed for: E:\book-ocr-model\data\input\img48.jpg
2026-01-07 19:20:30 | BookOCR |    INFO | info:60 | Fields extracted: ['title', 'raw_text', 'confidence']
2026-01-07 19:20:30 | BookOCR |    INFO | info:60 |   title: 0 2 0 9 1 0 2 1 1 2 0 8 MwM 1 3 1 !
2026-01-07 19:20:30 | BookOCR |    INFO | info:60 |   raw_text: 0 2 0 9 1 0 2 1 1 2 0 8 MwM 1 3 1 !
2026-01-07 19:20:30 | BookOCR |    INFO | info:60 |   confidence: 0.4325482275139239
2026-01-07 19:20:30 | BookOCR |    INFO | info:60 | ================================================================================
2026-01-07 19:20:30 | BookOCR |    INFO | info:60 | Processing image 2/30
2026-01-07 19:20:30 | BookOCR |    INFO | info:60 | ================================================================================
2026-01-07 19:20:30 | BookOCR |    INFO | info:60 | Processing book image: E:\book-ocr-model\data\input\img48.jpg
2026-01-07 19:20:30 | BookOCR |    INFO | info:60 | ================================================================================
2026-01-07 19:20:30 | BookOCR |    INFO | info:60 | Step 1/3: Preprocessing image
2026-01-07 19:20:30 | BookOCR |    INFO | info:60 | Preprocessing image: E:\book-ocr-model\data\input\img48.jpg
2026-01-07 19:20:30 | BookOCR |   DEBUG | debug:55 | Original image loaded | Context: {"shape": [1663, 1260, 3], "dtype": "uint8"}
2026-01-07 19:20:30 | BookOCR |   DEBUG | debug:55 | Converted to grayscale
2026-01-07 19:20:31 | BookOCR |   DEBUG | debug:55 | Applied denoising
2026-01-07 19:20:31 | BookOCR |   DEBUG | debug:55 | Applied adaptive thresholding
2026-01-07 19:20:31 | BookOCR |   DEBUG | debug:55 | Deskewed image by -90.00 degrees
2026-01-07 19:20:31 | BookOCR |   DEBUG | debug:55 | Saved processed image to: E:\book-ocr-model\data\processed\img48.jpg
2026-01-07 19:20:31 | BookOCR |    INFO | info:60 | Image preprocessing completed successfully
2026-01-07 19:20:31 | BookOCR |    INFO | info:60 | Step 2/3: Performing OCR
2026-01-07 19:20:31 | BookOCR |    INFO | info:60 | Starting EasyOCR extraction
2026-01-07 19:20:44 | BookOCR |    INFO | info:60 | EasyOCR completed | {"text_length": 35, "confidence": "0.43"}
2026-01-07 19:20:44 | BookOCR |    INFO | info:60 | Step 3/3: Extracting information
2026-01-07 19:20:44 | BookOCR |    INFO | info:60 | Startin information extraction
2026-01-07 19:20:44 | BookOCR |   DEBUG | debug:55 | Input text preview | Context: {"preview": "0 2 0 9 1 0 2 1 1 2 0 8 MwM 1 3 1 !"}
2026-01-07 19:20:44 | BookOCR |   DEBUG | debug:55 | Extracted title: 0 2 0 9 1 0 2 1 1 2 0 8 MwM 1 3 1 !
2026-01-07 19:20:44 | BookOCR |    INFO | info:60 | Information extraction completed
2026-01-07 19:20:44 | BookOCR |   DEBUG | debug:55 | Extracted fields | Context: {"fields": {"title": "0 2 0 9 1 0 2 1 1 2 0 8 MwM 1 3 1 !"}}
2026-01-07 19:20:44 | BookOCR |    INFO | info:60 | ================================================================================
2026-01-07 19:20:44 | BookOCR |    INFO | info:60 | Extraction completed for: E:\book-ocr-model\data\input\img48.jpg
2026-01-07 19:20:44 | BookOCR |    INFO | info:60 | Fields extracted: ['title', 'raw_text', 'confidence']
2026-01-07 19:20:44 | BookOCR |    INFO | info:60 |   title: 0 2 0 9 1 0 2 1 1 2 0 8 MwM 1 3 1 !
2026-01-07 19:20:44 | BookOCR |    INFO | info:60 |   raw_text: 0 2 0 9 1 0 2 1 1 2 0 8 MwM 1 3 1 !
2026-01-07 19:20:44 | BookOCR |    INFO | info:60 |   confidence: 0.4325482275139239
2026-01-07 19:20:44 | BookOCR |    INFO | info:60 | ================================================================================
2026-01-07 19:20:44 | BookOCR |    INFO | info:60 | Processing image 3/30
2026-01-07 19:20:44 | BookOCR |    INFO | info:60 | ================================================================================
2026-01-07 19:20:44 | BookOCR |    INFO | info:60 | Processing book image: E:\book-ocr-model\data\input\img49.jpg
2026-01-07 19:20:44 | BookOCR |    INFO | info:60 | ================================================================================
2026-01-07 19:20:44 | BookOCR |    INFO | info:60 | Step 1/3: Preprocessing image
2026-01-07 19:20:44 | BookOCR |    INFO | info:60 | Preprocessing image: E:\book-ocr-model\data\input\img49.jpg
2026-01-07 19:20:44 | BookOCR |   DEBUG | debug:55 | Original image loaded | Context: {"shape": [2800, 335, 3], "dtype": "uint8"}
2026-01-07 19:20:44 | BookOCR |   DEBUG | debug:55 | Converted to grayscale
2026-01-07 19:20:44 | BookOCR |   DEBUG | debug:55 | Applied denoising
2026-01-07 19:20:44 | BookOCR |   DEBUG | debug:55 | Applied adaptive thresholding
2026-01-07 19:20:44 | BookOCR |   DEBUG | debug:55 | Saved processed image to: E:\book-ocr-model\data\processed\img49.jpg
2026-01-07 19:20:44 | BookOCR |    INFO | info:60 | Image preprocessing completed successfully
2026-01-07 19:20:44 | BookOCR |    INFO | info:60 | Step 2/3: Performing OCR
2026-01-07 19:20:44 | BookOCR |    INFO | info:60 | Starting EasyOCR extraction
2026-01-07 19:20:48 | BookOCR |    INFO | info:60 | EasyOCR completed | {"text_length": 63, "confidence": "0.69"}
2026-01-07 19:20:48 | BookOCR |    INFO | info:60 | Step 3/3: Extracting information
2026-01-07 19:20:48 | BookOCR |    INFO | info:60 | Startin information extraction
2026-01-07 19:20:48 | BookOCR |   DEBUG | debug:55 | Input text preview | Context: {"preview": "O 2 2 1 FIFTH EDITION Salivahanan Arivazhagan 621.381 Sa167e5 3"}
2026-01-07 19:20:48 | BookOCR |   DEBUG | debug:55 | Extracted title: O 2 2 1 FIFTH EDITION Salivahanan Arivazhagan 621.381 Sa167e5 3
2026-01-07 19:20:48 | BookOCR |    INFO | info:60 | Information extraction completed
2026-01-07 19:20:48 | BookOCR |   DEBUG | debug:55 | Extracted fields | Context: {"fields": {"title": "O 2 2 1 FIFTH EDITION Salivahanan Arivazhagan 621.381 Sa167e5 3"}}
2026-01-07 19:20:48 | BookOCR |    INFO | info:60 | ================================================================================
2026-01-07 19:20:48 | BookOCR |    INFO | info:60 | Extraction completed for: E:\book-ocr-model\data\input\img49.jpg
2026-01-07 19:20:48 | BookOCR |    INFO | info:60 | Fields extracted: ['title', 'raw_text', 'confidence']
2026-01-07 19:20:48 | BookOCR |    INFO | info:60 |   title: O 2 2 1 FIFTH EDITION Salivahanan Arivazhagan 621.381 Sa167e5 3
2026-01-07 19:20:48 | BookOCR |    INFO | info:60 |   raw_text: O 2 2 1 FIFTH EDITION Salivahanan Arivazhagan 621.381 Sa167e5 3
2026-01-07 19:20:48 | BookOCR |    INFO | info:60 |   confidence: 0.6925792731154962
2026-01-07 19:20:48 | BookOCR |    INFO | info:60 | ================================================================================
2026-01-07 19:20:48 | BookOCR |    INFO | info:60 | Processing image 4/30
2026-01-07 19:20:48 | BookOCR |    INFO | info:60 | ================================================================================
2026-01-07 19:20:48 | BookOCR |    INFO | info:60 | Processing book image: E:\book-ocr-model\data\input\img49.jpg
2026-01-07 19:20:48 | BookOCR |    INFO | info:60 | ================================================================================
2026-01-07 19:20:48 | BookOCR |    INFO | info:60 | Step 1/3: Preprocessing image
2026-01-07 19:20:48 | BookOCR |    INFO | info:60 | Preprocessing image: E:\book-ocr-model\data\input\img49.jpg
2026-01-07 19:20:48 | BookOCR |   DEBUG | debug:55 | Original image loaded | Context: {"shape": [2800, 335, 3], "dtype": "uint8"}
2026-01-07 19:20:48 | BookOCR |   DEBUG | debug:55 | Converted to grayscale
2026-01-07 19:20:48 | BookOCR |   DEBUG | debug:55 | Applied denoising
2026-01-07 19:20:48 | BookOCR |   DEBUG | debug:55 | Applied adaptive thresholding
2026-01-07 19:20:48 | BookOCR |   DEBUG | debug:55 | Saved processed image to: E:\book-ocr-model\data\processed\img49.jpg
2026-01-07 19:20:48 | BookOCR |    INFO | info:60 | Image preprocessing completed successfully
2026-01-07 19:20:48 | BookOCR |    INFO | info:60 | Step 2/3: Performing OCR
2026-01-07 19:20:48 | BookOCR |    INFO | info:60 | Starting EasyOCR extraction
2026-01-07 19:20:52 | BookOCR |    INFO | info:60 | EasyOCR completed | {"text_length": 63, "confidence": "0.69"}
2026-01-07 19:20:52 | BookOCR |    INFO | info:60 | Step 3/3: Extracting information
2026-01-07 19:20:52 | BookOCR |    INFO | info:60 | Startin information extraction
2026-01-07 19:20:52 | BookOCR |   DEBUG | debug:55 | Input text preview | Context: {"preview": "O 2 2 1 FIFTH EDITION Salivahanan Arivazhagan 621.381 Sa167e5 3"}
2026-01-07 19:20:52 | BookOCR |   DEBUG | debug:55 | Extracted title: O 2 2 1 FIFTH EDITION Salivahanan Arivazhagan 621.381 Sa167e5 3
2026-01-07 19:20:52 | BookOCR |    INFO | info:60 | Information extraction completed
2026-01-07 19:20:52 | BookOCR |   DEBUG | debug:55 | Extracted fields | Context: {"fields": {"title": "O 2 2 1 FIFTH EDITION Salivahanan Arivazhagan 621.381 Sa167e5 3"}}
2026-01-07 19:20:52 | BookOCR |    INFO | info:60 | ================================================================================
2026-01-07 19:20:52 | BookOCR |    INFO | info:60 | Extraction completed for: E:\book-ocr-model\data\input\img49.jpg
2026-01-07 19:20:52 | BookOCR |    INFO | info:60 | Fields extracted: ['title', 'raw_text', 'confidence']
2026-01-07 19:20:52 | BookOCR |    INFO | info:60 |   title: O 2 2 1 FIFTH EDITION Salivahanan Arivazhagan 621.381 Sa167e5 3
2026-01-07 19:20:52 | BookOCR |    INFO | info:60 |   raw_text: O 2 2 1 FIFTH EDITION Salivahanan Arivazhagan 621.381 Sa167e5 3
2026-01-07 19:20:52 | BookOCR |    INFO | info:60 |   confidence: 0.6925792731154962
2026-01-07 19:20:52 | BookOCR |    INFO | info:60 | ================================================================================
2026-01-07 19:20:52 | BookOCR |    INFO | info:60 | Processing image 5/30
2026-01-07 19:20:52 | BookOCR |    INFO | info:60 | ================================================================================
2026-01-07 19:20:52 | BookOCR |    INFO | info:60 | Processing book image: E:\book-ocr-model\data\input\img50.jpg
2026-01-07 19:20:52 | BookOCR |    INFO | info:60 | ================================================================================
2026-01-07 19:20:52 | BookOCR |    INFO | info:60 | Step 1/3: Preprocessing image
2026-01-07 19:20:52 | BookOCR |    INFO | info:60 | Preprocessing image: E:\book-ocr-model\data\input\img50.jpg
2026-01-07 19:20:52 | BookOCR |   DEBUG | debug:55 | Original image loaded | Context: {"shape": [1725, 1260, 3], "dtype": "uint8"}
2026-01-07 19:20:52 | BookOCR |   DEBUG | debug:55 | Converted to grayscale
2026-01-07 19:20:52 | BookOCR |   DEBUG | debug:55 | Applied denoising
2026-01-07 19:20:52 | BookOCR |   DEBUG | debug:55 | Applied adaptive thresholding
2026-01-07 19:20:52 | BookOCR |   DEBUG | debug:55 | Saved processed image to: E:\book-ocr-model\data\processed\img50.jpg
2026-01-07 19:20:52 | BookOCR |    INFO | info:60 | Image preprocessing completed successfully
2026-01-07 19:20:52 | BookOCR |    INFO | info:60 | Step 2/3: Performing OCR
2026-01-07 19:20:52 | BookOCR |    INFO | info:60 | Starting EasyOCR extraction
2026-01-07 19:21:09 | BookOCR |    INFO | info:60 | EasyOCR completed | {"text_length": 2170, "confidence": "0.47"}
2026-01-07 19:21:09 | BookOCR |    INFO | info:60 | Step 3/3: Extracting information
2026-01-07 19:21:09 | BookOCR |    INFO | info:60 | Startin information extraction
2026-01-07 19:21:09 | BookOCR |   DEBUG | debug:55 | Input text preview | Context: {"preview": "FLC ffwh edition DigitalCilcuits and Desgh thefiftheditlondfthmuchsougheditettextbogkDigitaldicuibundDeslgncontinuesto providelucdexplenationgofconceptswell-ilustratedfigures graded problemsandsolutio..."}
2026-01-07 19:21:09 | BookOCR |   DEBUG | debug:55 | Extracted title: FLC ffwh edition DigitalCilcuits and Desgh thefiftheditlondfthmuchsougheditettextbogkDigitaldicuibundDeslgncontinuesto providelucdexplenationgofconceptswell-ilustratedfigures graded problemsandsolutions; &nd plentyofexercisesforprattice Thebookiswitten fortelist courseonthegubjectfortheundergraduateengineering)_ Stucentsof ElectronicsandCommunicationEngineering Electrical and ElectronicsEngineering) Information Technology Computer Scienceand Engineerngandallied programmesitcan @lsobeused fortherelatedcoursestaughtinthe ScMMSZprogrammesincluaing pplied Dhysics Computer Science Llectroni andfonthapreparationof variouscompetitive (examinations: ~Keyireatures Providestimpleaiddlearexplanatiohstovariousconcepts Crovdesnumerousstep-bvrstepsoledexamples (cludesawealthoftevew questionsand practiceexercises Newto_thisEEdition Introduces newer topics such asSDRAM; DDR RAMs; Flash memories; and GAL Includes more solved problems Boolean Algebra; six variable K-map, Quine-McClusky method; more logic function implementation using multiplexers, and also additional problems foranalysis ofsequence cells Includes minimization ofstate diagram using merger graph Presents Verilog HDL programsin addition to VHDL programs 5 SalivahananisRuincipal SSNColegeofEngineering Chennai Hehasabouttoundecadegof teachingvresearch and industrialexperience bothi lndiaandabroad Hleis therecipient@f thelEEE Qutstanding Branch CounsellorandAdMSorAwardintheAsla Pacificregion forthe Vearaggo-g7and BharatiyaVidya Bhavan NationalAwardtorBestEngineeringcollegeRuincipal fortheyearzozttom ISTB SrizhaganisPrincpal}MepcoSchlenkEngineering college Sivakasi ehasoverthree decadesotteachingendteseachex perencellisaedsofinterestgincludemicroprocessov basedsvstems computencommunicationand imageprocessig Helasbeenawardedthe Young ScentisLFellowship bytheTamil NaduState councllfouSdenceandTechnologyinthe yeara9gg  ONLINE RESOURCES india oup com/orcs/9780199488681 The following rescurcesare available to support Ihe-faculty using this text: Chapter-wise PPTs Solutions Manual 'ISBN 0-19-948868-| OXFORD UNIERSITY DRESS Cogproduct detailsand price 780199"48868 pleasewisit WWindiaoupcom) using
2026-01-07 19:21:09 | BookOCR |    INFO | info:60 | Information extraction completed
2026-01-07 19:21:09 | BookOCR |   DEBUG | debug:55 | Extracted fields | Context: {"fields": {"title": "FLC ffwh edition DigitalCilcuits and Desgh thefiftheditlondfthmuchsougheditettextbogkDigitaldicuibundDeslgncontinuesto providelucdexplenationgofconceptswell-ilustratedfigures graded problemsandsolutions; &nd plentyofexercisesforprattice Thebookiswitten fortelist courseonthegubjectfortheundergraduateengineering)_ Stucentsof ElectronicsandCommunicationEngineering Electrical and ElectronicsEngineering) Information Technology Computer Scienceand Engineerngandallied programmesitcan @lsobeused fortherelatedcoursestaughtinthe ScMMSZprogrammesincluaing pplied Dhysics Computer Science Llectroni andfonthapreparationof variouscompetitive (examinations: ~Keyireatures Providestimpleaiddlearexplanatiohstovariousconcepts Crovdesnumerousstep-bvrstepsoledexamples (cludesawealthoftevew questionsand practiceexercises Newto_thisEEdition Introduces newer topics such asSDRAM; DDR RAMs; Flash memories; and GAL Includes more solved problems Boolean Algebra; six variable K-map, Quine-McClusky method; more logic function implementation using multiplexers, and also additional problems foranalysis ofsequence cells Includes minimization ofstate diagram using merger graph Presents Verilog HDL programsin addition to VHDL programs 5 SalivahananisRuincipal SSNColegeofEngineering Chennai Hehasabouttoundecadegof teachingvresearch and industrialexperience bothi lndiaandabroad Hleis therecipient@f thelEEE Qutstanding Branch CounsellorandAdMSorAwardintheAsla Pacificregion forthe Vearaggo-g7and BharatiyaVidya Bhavan NationalAwardtorBestEngineeringcollegeRuincipal fortheyearzozttom ISTB SrizhaganisPrincpal}MepcoSchlenkEngineering college Sivakasi ehasoverthree decadesotteachingendteseachex perencellisaedsofinterestgincludemicroprocessov basedsvstems computencommunicationand imageprocessig Helasbeenawardedthe Young ScentisLFellowship bytheTamil NaduState councllfouSdenceandTechnologyinthe yeara9gg  ONLINE RESOURCES india oup com/orcs/9780199488681 The following rescurcesare available to support Ihe-faculty using this text: Chapter-wise PPTs Solutions Manual 'ISBN 0-19-948868-| OXFORD UNIERSITY DRESS Cogproduct detailsand price 780199\"48868 pleasewisit WWindiaoupcom) using"}}
2026-01-07 19:21:09 | BookOCR |    INFO | info:60 | ================================================================================
2026-01-07 19:21:09 | BookOCR |    INFO | info:60 | Extraction completed for: E:\book-ocr-model\data\input\img50.jpg
2026-01-07 19:21:09 | BookOCR |    INFO | info:60 | Fields extracted: ['title', 'raw_text', 'confidence']
2026-01-07 19:21:09 | BookOCR |    INFO | info:60 |   title: FLC ffwh edition DigitalCilcuits and Desgh thefiftheditlondfthmuchsougheditettextbogkDigitaldicuibundDeslgncontinuesto providelucdexplenationgofconceptswell-ilustratedfigures graded problemsandsolutions; &nd plentyofexercisesforprattice Thebookiswitten fortelist courseonthegubjectfortheundergraduateengineering)_ Stucentsof ElectronicsandCommunicationEngineering Electrical and ElectronicsEngineering) Information Technology Computer Scienceand Engineerngandallied programmesitcan @lsobeused fortherelatedcoursestaughtinthe ScMMSZprogrammesincluaing pplied Dhysics Computer Science Llectroni andfonthapreparationof variouscompetitive (examinations: ~Keyireatures Providestimpleaiddlearexplanatiohstovariousconcepts Crovdesnumerousstep-bvrstepsoledexamples (cludesawealthoftevew questionsand practiceexercises Newto_thisEEdition Introduces newer topics such asSDRAM; DDR RAMs; Flash memories; and GAL Includes more solved problems Boolean Algebra; six variable K-map, Quine-McClusky method; more logic function implementation using multiplexers, and also additional problems foranalysis ofsequence cells Includes minimization ofstate diagram using merger graph Presents Verilog HDL programsin addition to VHDL programs 5 SalivahananisRuincipal SSNColegeofEngineering Chennai Hehasabouttoundecadegof teachingvresearch and industrialexperience bothi lndiaandabroad Hleis therecipient@f thelEEE Qutstanding Branch CounsellorandAdMSorAwardintheAsla Pacificregion forthe Vearaggo-g7and BharatiyaVidya Bhavan NationalAwardtorBestEngineeringcollegeRuincipal fortheyearzozttom ISTB SrizhaganisPrincpal}MepcoSchlenkEngineering college Sivakasi ehasoverthree decadesotteachingendteseachex perencellisaedsofinterestgincludemicroprocessov basedsvstems computencommunicationand imageprocessig Helasbeenawardedthe Young ScentisLFellowship bytheTamil NaduState councllfouSdenceandTechnologyinthe yeara9gg  ONLINE RESOURCES india oup com/orcs/9780199488681 The following rescurcesare available to support Ihe-faculty using this text: Chapter-wise PPTs Solutions Manual 'ISBN 0-19-948868-| OXFORD UNIERSITY DRESS Cogproduct detailsand price 780199"48868 pleasewisit WWindiaoupcom) using
2026-01-07 19:21:09 | BookOCR |    INFO | info:60 |   raw_text: FLC ffwh edition DigitalCilcuits and Desgh thefiftheditlondfthmuchsougheditettextbogkDigitaldicuibundDeslgncontinuesto providelucdexplenationgofconceptswell-ilustratedfigures graded problemsandsolutions; &nd plentyofexercisesforprattice Thebookiswitten fortelist courseonthegubjectfortheundergraduateengineering)_ Stucentsof ElectronicsandCommunicationEngineering Electrical and ElectronicsEngineering) Information Technology Computer Scienceand Engineerngandallied programmesitcan @lsobeused fortherelatedcoursestaughtinthe ScMMSZprogrammesincluaing pplied Dhysics Computer Science Llectroni andfonthapreparationof variouscompetitive (examinations: ~Keyireatures Providestimpleaiddlearexplanatiohstovariousconcepts Crovdesnumerousstep-bvrstepsoledexamples (cludesawealthoftevew questionsand practiceexercises Newto_thisEEdition Introduces newer topics such asSDRAM; DDR RAMs; Flash memories; and GAL Includes more solved problems Boolean Algebra; six variable K-map, Quine-McClusky method; more logic function implementation using multiplexers, and also additional problems foranalysis ofsequence cells Includes minimization ofstate diagram using merger graph Presents Verilog HDL programsin addition to VHDL programs 5 SalivahananisRuincipal SSNColegeofEngineering Chennai Hehasabouttoundecadegof teachingvresearch and industrialexperience bothi lndiaandabroad Hleis therecipient@f thelEEE Qutstanding Branch CounsellorandAdMSorAwardintheAsla Pacificregion forthe Vearaggo-g7and BharatiyaVidya Bhavan NationalAwardtorBestEngineeringcollegeRuincipal fortheyearzozttom ISTB SrizhaganisPrincpal}MepcoSchlenkEngineering college Sivakasi ehasoverthree decadesotteachingendteseachex perencellisaedsofinterestgincludemicroprocessov basedsvstems computencommunicationand imageprocessig Helasbeenawardedthe Young ScentisLFellowship bytheTamil NaduState councllfouSdenceandTechnologyinthe yeara9gg  ONLINE RESOURCES india oup com/orcs/9780199488681 The following rescurcesare available to support Ihe-faculty using this text: Chapter-wise PPTs Solutions Manual 'ISBN 0-19-948868-| OXFORD UNIERSITY DRESS Cogproduct detailsand price 780199"48868 pleasewisit WWindiaoupcom) using
2026-01-07 19:21:09 | BookOCR |    INFO | info:60 |   confidence: 0.46513759328294474
2026-01-07 19:21:09 | BookOCR |    INFO | info:60 | ================================================================================
2026-01-07 19:21:09 | BookOCR |    INFO | info:60 | Processing image 6/30
2026-01-07 19:21:09 | BookOCR |    INFO | info:60 | ================================================================================
2026-01-07 19:21:09 | BookOCR |    INFO | info:60 | Processing book image: E:\book-ocr-model\data\input\img50.jpg
2026-01-07 19:21:09 | BookOCR |    INFO | info:60 | ================================================================================
2026-01-07 19:21:09 | BookOCR |    INFO | info:60 | Step 1/3: Preprocessing image
2026-01-07 19:21:09 | BookOCR |    INFO | info:60 | Preprocessing image: E:\book-ocr-model\data\input\img50.jpg
2026-01-07 19:21:09 | BookOCR |   DEBUG | debug:55 | Original image loaded | Context: {"shape": [1725, 1260, 3], "dtype": "uint8"}
2026-01-07 19:21:09 | BookOCR |   DEBUG | debug:55 | Converted to grayscale
2026-01-07 19:21:10 | BookOCR |   DEBUG | debug:55 | Applied denoising
2026-01-07 19:21:10 | BookOCR |   DEBUG | debug:55 | Applied adaptive thresholding
2026-01-07 19:21:10 | BookOCR |   DEBUG | debug:55 | Saved processed image to: E:\book-ocr-model\data\processed\img50.jpg
2026-01-07 19:21:10 | BookOCR |    INFO | info:60 | Image preprocessing completed successfully
2026-01-07 19:21:10 | BookOCR |    INFO | info:60 | Step 2/3: Performing OCR
2026-01-07 19:21:10 | BookOCR |    INFO | info:60 | Starting EasyOCR extraction
2026-01-07 19:21:26 | BookOCR |    INFO | info:60 | EasyOCR completed | {"text_length": 2170, "confidence": "0.47"}
2026-01-07 19:21:26 | BookOCR |    INFO | info:60 | Step 3/3: Extracting information
2026-01-07 19:21:26 | BookOCR |    INFO | info:60 | Startin information extraction
2026-01-07 19:21:26 | BookOCR |   DEBUG | debug:55 | Input text preview | Context: {"preview": "FLC ffwh edition DigitalCilcuits and Desgh thefiftheditlondfthmuchsougheditettextbogkDigitaldicuibundDeslgncontinuesto providelucdexplenationgofconceptswell-ilustratedfigures graded problemsandsolutio..."}
2026-01-07 19:21:26 | BookOCR |   DEBUG | debug:55 | Extracted title: FLC ffwh edition DigitalCilcuits and Desgh thefiftheditlondfthmuchsougheditettextbogkDigitaldicuibundDeslgncontinuesto providelucdexplenationgofconceptswell-ilustratedfigures graded problemsandsolutions; &nd plentyofexercisesforprattice Thebookiswitten fortelist courseonthegubjectfortheundergraduateengineering)_ Stucentsof ElectronicsandCommunicationEngineering Electrical and ElectronicsEngineering) Information Technology Computer Scienceand Engineerngandallied programmesitcan @lsobeused fortherelatedcoursestaughtinthe ScMMSZprogrammesincluaing pplied Dhysics Computer Science Llectroni andfonthapreparationof variouscompetitive (examinations: ~Keyireatures Providestimpleaiddlearexplanatiohstovariousconcepts Crovdesnumerousstep-bvrstepsoledexamples (cludesawealthoftevew questionsand practiceexercises Newto_thisEEdition Introduces newer topics such asSDRAM; DDR RAMs; Flash memories; and GAL Includes more solved problems Boolean Algebra; six variable K-map, Quine-McClusky method; more logic function implementation using multiplexers, and also additional problems foranalysis ofsequence cells Includes minimization ofstate diagram using merger graph Presents Verilog HDL programsin addition to VHDL programs 5 SalivahananisRuincipal SSNColegeofEngineering Chennai Hehasabouttoundecadegof teachingvresearch and industrialexperience bothi lndiaandabroad Hleis therecipient@f thelEEE Qutstanding Branch CounsellorandAdMSorAwardintheAsla Pacificregion forthe Vearaggo-g7and BharatiyaVidya Bhavan NationalAwardtorBestEngineeringcollegeRuincipal fortheyearzozttom ISTB SrizhaganisPrincpal}MepcoSchlenkEngineering college Sivakasi ehasoverthree decadesotteachingendteseachex perencellisaedsofinterestgincludemicroprocessov basedsvstems computencommunicationand imageprocessig Helasbeenawardedthe Young ScentisLFellowship bytheTamil NaduState councllfouSdenceandTechnologyinthe yeara9gg  ONLINE RESOURCES india oup com/orcs/9780199488681 The following rescurcesare available to support Ihe-faculty using this text: Chapter-wise PPTs Solutions Manual 'ISBN 0-19-948868-| OXFORD UNIERSITY DRESS Cogproduct detailsand price 780199"48868 pleasewisit WWindiaoupcom) using
2026-01-07 19:21:26 | BookOCR |    INFO | info:60 | Information extraction completed
2026-01-07 19:21:26 | BookOCR |   DEBUG | debug:55 | Extracted fields | Context: {"fields": {"title": "FLC ffwh edition DigitalCilcuits and Desgh thefiftheditlondfthmuchsougheditettextbogkDigitaldicuibundDeslgncontinuesto providelucdexplenationgofconceptswell-ilustratedfigures graded problemsandsolutions; &nd plentyofexercisesforprattice Thebookiswitten fortelist courseonthegubjectfortheundergraduateengineering)_ Stucentsof ElectronicsandCommunicationEngineering Electrical and ElectronicsEngineering) Information Technology Computer Scienceand Engineerngandallied programmesitcan @lsobeused fortherelatedcoursestaughtinthe ScMMSZprogrammesincluaing pplied Dhysics Computer Science Llectroni andfonthapreparationof variouscompetitive (examinations: ~Keyireatures Providestimpleaiddlearexplanatiohstovariousconcepts Crovdesnumerousstep-bvrstepsoledexamples (cludesawealthoftevew questionsand practiceexercises Newto_thisEEdition Introduces newer topics such asSDRAM; DDR RAMs; Flash memories; and GAL Includes more solved problems Boolean Algebra; six variable K-map, Quine-McClusky method; more logic function implementation using multiplexers, and also additional problems foranalysis ofsequence cells Includes minimization ofstate diagram using merger graph Presents Verilog HDL programsin addition to VHDL programs 5 SalivahananisRuincipal SSNColegeofEngineering Chennai Hehasabouttoundecadegof teachingvresearch and industrialexperience bothi lndiaandabroad Hleis therecipient@f thelEEE Qutstanding Branch CounsellorandAdMSorAwardintheAsla Pacificregion forthe Vearaggo-g7and BharatiyaVidya Bhavan NationalAwardtorBestEngineeringcollegeRuincipal fortheyearzozttom ISTB SrizhaganisPrincpal}MepcoSchlenkEngineering college Sivakasi ehasoverthree decadesotteachingendteseachex perencellisaedsofinterestgincludemicroprocessov basedsvstems computencommunicationand imageprocessig Helasbeenawardedthe Young ScentisLFellowship bytheTamil NaduState councllfouSdenceandTechnologyinthe yeara9gg  ONLINE RESOURCES india oup com/orcs/9780199488681 The following rescurcesare available to support Ihe-faculty using this text: Chapter-wise PPTs Solutions Manual 'ISBN 0-19-948868-| OXFORD UNIERSITY DRESS Cogproduct detailsand price 780199\"48868 pleasewisit WWindiaoupcom) using"}}
2026-01-07 19:21:26 | BookOCR |    INFO | info:60 | ================================================================================
2026-01-07 19:21:26 | BookOCR |    INFO | info:60 | Extraction completed for: E:\book-ocr-model\data\input\img50.jpg
2026-01-07 19:21:26 | BookOCR |    INFO | info:60 | Fields extracted: ['title', 'raw_text', 'confidence']
2026-01-07 19:21:26 | BookOCR |    INFO | info:60 |   title: FLC ffwh edition DigitalCilcuits and Desgh thefiftheditlondfthmuchsougheditettextbogkDigitaldicuibundDeslgncontinuesto providelucdexplenationgofconceptswell-ilustratedfigures graded problemsandsolutions; &nd plentyofexercisesforprattice Thebookiswitten fortelist courseonthegubjectfortheundergraduateengineering)_ Stucentsof ElectronicsandCommunicationEngineering Electrical and ElectronicsEngineering) Information Technology Computer Scienceand Engineerngandallied programmesitcan @lsobeused fortherelatedcoursestaughtinthe ScMMSZprogrammesincluaing pplied Dhysics Computer Science Llectroni andfonthapreparationof variouscompetitive (examinations: ~Keyireatures Providestimpleaiddlearexplanatiohstovariousconcepts Crovdesnumerousstep-bvrstepsoledexamples (cludesawealthoftevew questionsand practiceexercises Newto_thisEEdition Introduces newer topics such asSDRAM; DDR RAMs; Flash memories; and GAL Includes more solved problems Boolean Algebra; six variable K-map, Quine-McClusky method; more logic function implementation using multiplexers, and also additional problems foranalysis ofsequence cells Includes minimization ofstate diagram using merger graph Presents Verilog HDL programsin addition to VHDL programs 5 SalivahananisRuincipal SSNColegeofEngineering Chennai Hehasabouttoundecadegof teachingvresearch and industrialexperience bothi lndiaandabroad Hleis therecipient@f thelEEE Qutstanding Branch CounsellorandAdMSorAwardintheAsla Pacificregion forthe Vearaggo-g7and BharatiyaVidya Bhavan NationalAwardtorBestEngineeringcollegeRuincipal fortheyearzozttom ISTB SrizhaganisPrincpal}MepcoSchlenkEngineering college Sivakasi ehasoverthree decadesotteachingendteseachex perencellisaedsofinterestgincludemicroprocessov basedsvstems computencommunicationand imageprocessig Helasbeenawardedthe Young ScentisLFellowship bytheTamil NaduState councllfouSdenceandTechnologyinthe yeara9gg  ONLINE RESOURCES india oup com/orcs/9780199488681 The following rescurcesare available to support Ihe-faculty using this text: Chapter-wise PPTs Solutions Manual 'ISBN 0-19-948868-| OXFORD UNIERSITY DRESS Cogproduct detailsand price 780199"48868 pleasewisit WWindiaoupcom) using
2026-01-07 19:21:26 | BookOCR |    INFO | info:60 |   raw_text: FLC ffwh edition DigitalCilcuits and Desgh thefiftheditlondfthmuchsougheditettextbogkDigitaldicuibundDeslgncontinuesto providelucdexplenationgofconceptswell-ilustratedfigures graded problemsandsolutions; &nd plentyofexercisesforprattice Thebookiswitten fortelist courseonthegubjectfortheundergraduateengineering)_ Stucentsof ElectronicsandCommunicationEngineering Electrical and ElectronicsEngineering) Information Technology Computer Scienceand Engineerngandallied programmesitcan @lsobeused fortherelatedcoursestaughtinthe ScMMSZprogrammesincluaing pplied Dhysics Computer Science Llectroni andfonthapreparationof variouscompetitive (examinations: ~Keyireatures Providestimpleaiddlearexplanatiohstovariousconcepts Crovdesnumerousstep-bvrstepsoledexamples (cludesawealthoftevew questionsand practiceexercises Newto_thisEEdition Introduces newer topics such asSDRAM; DDR RAMs; Flash memories; and GAL Includes more solved problems Boolean Algebra; six variable K-map, Quine-McClusky method; more logic function implementation using multiplexers, and also additional problems foranalysis ofsequence cells Includes minimization ofstate diagram using merger graph Presents Verilog HDL programsin addition to VHDL programs 5 SalivahananisRuincipal SSNColegeofEngineering Chennai Hehasabouttoundecadegof teachingvresearch and industrialexperience bothi lndiaandabroad Hleis therecipient@f thelEEE Qutstanding Branch CounsellorandAdMSorAwardintheAsla Pacificregion forthe Vearaggo-g7and BharatiyaVidya Bhavan NationalAwardtorBestEngineeringcollegeRuincipal fortheyearzozttom ISTB SrizhaganisPrincpal}MepcoSchlenkEngineering college Sivakasi ehasoverthree decadesotteachingendteseachex perencellisaedsofinterestgincludemicroprocessov basedsvstems computencommunicationand imageprocessig Helasbeenawardedthe Young ScentisLFellowship bytheTamil NaduState councllfouSdenceandTechnologyinthe yeara9gg  ONLINE RESOURCES india oup com/orcs/9780199488681 The following rescurcesare available to support Ihe-faculty using this text: Chapter-wise PPTs Solutions Manual 'ISBN 0-19-948868-| OXFORD UNIERSITY DRESS Cogproduct detailsand price 780199"48868 pleasewisit WWindiaoupcom) using
2026-01-07 19:21:26 | BookOCR |    INFO | info:60 |   confidence: 0.46513759328294474
2026-01-07 19:21:26 | BookOCR |    INFO | info:60 | ================================================================================
2026-01-07 19:21:26 | BookOCR |    INFO | info:60 | Processing image 7/30
2026-01-07 19:21:26 | BookOCR |    INFO | info:60 | ================================================================================
2026-01-07 19:21:26 | BookOCR |    INFO | info:60 | Processing book image: E:\book-ocr-model\data\input\img51.jpg
2026-01-07 19:21:26 | BookOCR |    INFO | info:60 | ================================================================================
2026-01-07 19:21:26 | BookOCR |    INFO | info:60 | Step 1/3: Preprocessing image
2026-01-07 19:21:26 | BookOCR |    INFO | info:60 | Preprocessing image: E:\book-ocr-model\data\input\img51.jpg
2026-01-07 19:21:26 | BookOCR |   DEBUG | debug:55 | Original image loaded | Context: {"shape": [2043, 1260, 3], "dtype": "uint8"}
2026-01-07 19:21:26 | BookOCR |   DEBUG | debug:55 | Converted to grayscale
2026-01-07 19:21:26 | BookOCR |   DEBUG | debug:55 | Applied denoising
2026-01-07 19:21:26 | BookOCR |   DEBUG | debug:55 | Applied adaptive thresholding
2026-01-07 19:21:27 | BookOCR |   DEBUG | debug:55 | Saved processed image to: E:\book-ocr-model\data\processed\img51.jpg
2026-01-07 19:21:27 | BookOCR |    INFO | info:60 | Image preprocessing completed successfully
2026-01-07 19:21:27 | BookOCR |    INFO | info:60 | Step 2/3: Performing OCR
2026-01-07 19:21:27 | BookOCR |    INFO | info:60 | Starting EasyOCR extraction
2026-01-07 19:21:39 | BookOCR |    INFO | info:60 | EasyOCR completed | {"text_length": 86, "confidence": "0.79"}
2026-01-07 19:21:39 | BookOCR |    INFO | info:60 | Step 3/3: Extracting information
2026-01-07 19:21:39 | BookOCR |    INFO | info:60 | Startin information extraction
2026-01-07 19:21:39 | BookOCR |   DEBUG | debug:55 | Input text preview | Context: {"preview": "MkASRWBUZSTUDENTSSERIES VIKAS\" ECONC MICS FOR ENGINEERS SECC ND EDiTIOM BHA MAHESHUARI"}
2026-01-07 19:21:39 | BookOCR |   DEBUG | debug:55 | Extracted title: MkASRWBUZSTUDENTSSERIES VIKAS" ECONC MICS FOR ENGINEERS SECC ND EDiTIOM BHA MAHESHUARI
2026-01-07 19:21:39 | BookOCR |    INFO | info:60 | Information extraction completed
2026-01-07 19:21:39 | BookOCR |   DEBUG | debug:55 | Extracted fields | Context: {"fields": {"title": "MkASRWBUZSTUDENTSSERIES VIKAS\" ECONC MICS FOR ENGINEERS SECC ND EDiTIOM BHA MAHESHUARI"}}
2026-01-07 19:21:39 | BookOCR |    INFO | info:60 | ================================================================================
2026-01-07 19:21:39 | BookOCR |    INFO | info:60 | Extraction completed for: E:\book-ocr-model\data\input\img51.jpg
2026-01-07 19:21:39 | BookOCR |    INFO | info:60 | Fields extracted: ['title', 'raw_text', 'confidence']
2026-01-07 19:21:39 | BookOCR |    INFO | info:60 |   title: MkASRWBUZSTUDENTSSERIES VIKAS" ECONC MICS FOR ENGINEERS SECC ND EDiTIOM BHA MAHESHUARI
2026-01-07 19:21:39 | BookOCR |    INFO | info:60 |   raw_text: MkASRWBUZSTUDENTSSERIES VIKAS" ECONC MICS FOR ENGINEERS SECC ND EDiTIOM BHA MAHESHUARI
2026-01-07 19:21:39 | BookOCR |    INFO | info:60 |   confidence: 0.7925384142531506
2026-01-07 19:21:39 | BookOCR |    INFO | info:60 | ================================================================================
2026-01-07 19:21:39 | BookOCR |    INFO | info:60 | Processing image 8/30
2026-01-07 19:21:39 | BookOCR |    INFO | info:60 | ================================================================================
2026-01-07 19:21:39 | BookOCR |    INFO | info:60 | Processing book image: E:\book-ocr-model\data\input\img51.jpg
2026-01-07 19:21:39 | BookOCR |    INFO | info:60 | ================================================================================
2026-01-07 19:21:39 | BookOCR |    INFO | info:60 | Step 1/3: Preprocessing image
2026-01-07 19:21:39 | BookOCR |    INFO | info:60 | Preprocessing image: E:\book-ocr-model\data\input\img51.jpg
2026-01-07 19:21:39 | BookOCR |   DEBUG | debug:55 | Original image loaded | Context: {"shape": [2043, 1260, 3], "dtype": "uint8"}
2026-01-07 19:21:39 | BookOCR |   DEBUG | debug:55 | Converted to grayscale
2026-01-07 19:21:40 | BookOCR |   DEBUG | debug:55 | Applied denoising
2026-01-07 19:21:40 | BookOCR |   DEBUG | debug:55 | Applied adaptive thresholding
2026-01-07 19:21:40 | BookOCR |   DEBUG | debug:55 | Saved processed image to: E:\book-ocr-model\data\processed\img51.jpg
2026-01-07 19:21:40 | BookOCR |    INFO | info:60 | Image preprocessing completed successfully
2026-01-07 19:21:40 | BookOCR |    INFO | info:60 | Step 2/3: Performing OCR
2026-01-07 19:21:40 | BookOCR |    INFO | info:60 | Starting EasyOCR extraction
2026-01-07 19:21:51 | BookOCR |    INFO | info:60 | EasyOCR completed | {"text_length": 86, "confidence": "0.79"}
2026-01-07 19:21:51 | BookOCR |    INFO | info:60 | Step 3/3: Extracting information
2026-01-07 19:21:51 | BookOCR |    INFO | info:60 | Startin information extraction
2026-01-07 19:21:51 | BookOCR |   DEBUG | debug:55 | Input text preview | Context: {"preview": "MkASRWBUZSTUDENTSSERIES VIKAS\" ECONC MICS FOR ENGINEERS SECC ND EDiTIOM BHA MAHESHUARI"}
2026-01-07 19:21:51 | BookOCR |   DEBUG | debug:55 | Extracted title: MkASRWBUZSTUDENTSSERIES VIKAS" ECONC MICS FOR ENGINEERS SECC ND EDiTIOM BHA MAHESHUARI
2026-01-07 19:21:51 | BookOCR |    INFO | info:60 | Information extraction completed
2026-01-07 19:21:51 | BookOCR |   DEBUG | debug:55 | Extracted fields | Context: {"fields": {"title": "MkASRWBUZSTUDENTSSERIES VIKAS\" ECONC MICS FOR ENGINEERS SECC ND EDiTIOM BHA MAHESHUARI"}}
2026-01-07 19:21:51 | BookOCR |    INFO | info:60 | ================================================================================
2026-01-07 19:21:51 | BookOCR |    INFO | info:60 | Extraction completed for: E:\book-ocr-model\data\input\img51.jpg
2026-01-07 19:21:51 | BookOCR |    INFO | info:60 | Fields extracted: ['title', 'raw_text', 'confidence']
2026-01-07 19:21:51 | BookOCR |    INFO | info:60 |   title: MkASRWBUZSTUDENTSSERIES VIKAS" ECONC MICS FOR ENGINEERS SECC ND EDiTIOM BHA MAHESHUARI
2026-01-07 19:21:51 | BookOCR |    INFO | info:60 |   raw_text: MkASRWBUZSTUDENTSSERIES VIKAS" ECONC MICS FOR ENGINEERS SECC ND EDiTIOM BHA MAHESHUARI
2026-01-07 19:21:51 | BookOCR |    INFO | info:60 |   confidence: 0.7925384142531506
2026-01-07 19:21:51 | BookOCR |    INFO | info:60 | ================================================================================
2026-01-07 19:21:51 | BookOCR |    INFO | info:60 | Processing image 9/30
2026-01-07 19:21:51 | BookOCR |    INFO | info:60 | ================================================================================
2026-01-07 19:21:51 | BookOCR |    INFO | info:60 | Processing book image: E:\book-ocr-model\data\input\img52.jpg
2026-01-07 19:21:51 | BookOCR |    INFO | info:60 | ================================================================================
2026-01-07 19:21:51 | BookOCR |    INFO | info:60 | Step 1/3: Preprocessing image
2026-01-07 19:21:51 | BookOCR |    INFO | info:60 | Preprocessing image: E:\book-ocr-model\data\input\img52.jpg
2026-01-07 19:21:51 | BookOCR |   DEBUG | debug:55 | Original image loaded | Context: {"shape": [2800, 291, 3], "dtype": "uint8"}
2026-01-07 19:21:51 | BookOCR |   DEBUG | debug:55 | Converted to grayscale
2026-01-07 19:21:52 | BookOCR |   DEBUG | debug:55 | Applied denoising
2026-01-07 19:21:52 | BookOCR |   DEBUG | debug:55 | Applied adaptive thresholding
2026-01-07 19:21:52 | BookOCR |   DEBUG | debug:55 | Deskewed image by -90.00 degrees
2026-01-07 19:21:52 | BookOCR |   DEBUG | debug:55 | Saved processed image to: E:\book-ocr-model\data\processed\img52.jpg
2026-01-07 19:21:52 | BookOCR |    INFO | info:60 | Image preprocessing completed successfully
2026-01-07 19:21:52 | BookOCR |    INFO | info:60 | Step 2/3: Performing OCR
2026-01-07 19:21:52 | BookOCR |    INFO | info:60 | Starting EasyOCR extraction
2026-01-07 19:21:55 | BookOCR |    INFO | info:60 | EasyOCR completed | {"text_length": 8, "confidence": "0.03"}
2026-01-07 19:21:55 | BookOCR |    INFO | info:60 | Step 3/3: Extracting information
2026-01-07 19:21:55 | BookOCR |    INFO | info:60 | Startin information extraction
2026-01-07 19:21:55 | BookOCR |   DEBUG | debug:55 | Input text preview | Context: {"preview": "|~YiuyHA"}
2026-01-07 19:21:55 | BookOCR |   DEBUG | debug:55 | Extracted title: |~YiuyHA
2026-01-07 19:21:55 | BookOCR |    INFO | info:60 | Information extraction completed
2026-01-07 19:21:55 | BookOCR |   DEBUG | debug:55 | Extracted fields | Context: {"fields": {"title": "|~YiuyHA"}}
2026-01-07 19:21:55 | BookOCR |    INFO | info:60 | ================================================================================
2026-01-07 19:21:55 | BookOCR |    INFO | info:60 | Extraction completed for: E:\book-ocr-model\data\input\img52.jpg
2026-01-07 19:21:55 | BookOCR |    INFO | info:60 | Fields extracted: ['title', 'raw_text', 'confidence']
2026-01-07 19:21:55 | BookOCR |    INFO | info:60 |   title: |~YiuyHA
2026-01-07 19:21:55 | BookOCR |    INFO | info:60 |   raw_text: |~YiuyHA
2026-01-07 19:21:55 | BookOCR |    INFO | info:60 |   confidence: 0.031461164665480656
2026-01-07 19:21:55 | BookOCR |    INFO | info:60 | ================================================================================
2026-01-07 19:21:55 | BookOCR |    INFO | info:60 | Processing image 10/30
2026-01-07 19:21:55 | BookOCR |    INFO | info:60 | ================================================================================
2026-01-07 19:21:55 | BookOCR |    INFO | info:60 | Processing book image: E:\book-ocr-model\data\input\img52.jpg
2026-01-07 19:21:55 | BookOCR |    INFO | info:60 | ================================================================================
2026-01-07 19:21:55 | BookOCR |    INFO | info:60 | Step 1/3: Preprocessing image
2026-01-07 19:21:55 | BookOCR |    INFO | info:60 | Preprocessing image: E:\book-ocr-model\data\input\img52.jpg
2026-01-07 19:21:55 | BookOCR |   DEBUG | debug:55 | Original image loaded | Context: {"shape": [2800, 291, 3], "dtype": "uint8"}
2026-01-07 19:21:55 | BookOCR |   DEBUG | debug:55 | Converted to grayscale
2026-01-07 19:21:56 | BookOCR |   DEBUG | debug:55 | Applied denoising
2026-01-07 19:21:56 | BookOCR |   DEBUG | debug:55 | Applied adaptive thresholding
2026-01-07 19:21:56 | BookOCR |   DEBUG | debug:55 | Deskewed image by -90.00 degrees
2026-01-07 19:21:56 | BookOCR |   DEBUG | debug:55 | Saved processed image to: E:\book-ocr-model\data\processed\img52.jpg
2026-01-07 19:21:56 | BookOCR |    INFO | info:60 | Image preprocessing completed successfully
2026-01-07 19:21:56 | BookOCR |    INFO | info:60 | Step 2/3: Performing OCR
2026-01-07 19:21:56 | BookOCR |    INFO | info:60 | Starting EasyOCR extraction
2026-01-07 19:21:59 | BookOCR |    INFO | info:60 | EasyOCR completed | {"text_length": 8, "confidence": "0.03"}
2026-01-07 19:21:59 | BookOCR |    INFO | info:60 | Step 3/3: Extracting information
2026-01-07 19:21:59 | BookOCR |    INFO | info:60 | Startin information extraction
2026-01-07 19:21:59 | BookOCR |   DEBUG | debug:55 | Input text preview | Context: {"preview": "|~YiuyHA"}
2026-01-07 19:21:59 | BookOCR |   DEBUG | debug:55 | Extracted title: |~YiuyHA
2026-01-07 19:21:59 | BookOCR |    INFO | info:60 | Information extraction completed
2026-01-07 19:21:59 | BookOCR |   DEBUG | debug:55 | Extracted fields | Context: {"fields": {"title": "|~YiuyHA"}}
2026-01-07 19:21:59 | BookOCR |    INFO | info:60 | ================================================================================
2026-01-07 19:21:59 | BookOCR |    INFO | info:60 | Extraction completed for: E:\book-ocr-model\data\input\img52.jpg
2026-01-07 19:21:59 | BookOCR |    INFO | info:60 | Fields extracted: ['title', 'raw_text', 'confidence']
2026-01-07 19:21:59 | BookOCR |    INFO | info:60 |   title: |~YiuyHA
2026-01-07 19:21:59 | BookOCR |    INFO | info:60 |   raw_text: |~YiuyHA
2026-01-07 19:21:59 | BookOCR |    INFO | info:60 |   confidence: 0.031461164665480656
2026-01-07 19:21:59 | BookOCR |    INFO | info:60 | ================================================================================
2026-01-07 19:21:59 | BookOCR |    INFO | info:60 | Processing image 11/30
2026-01-07 19:21:59 | BookOCR |    INFO | info:60 | ================================================================================
2026-01-07 19:21:59 | BookOCR |    INFO | info:60 | Processing book image: E:\book-ocr-model\data\input\img53.jpg
2026-01-07 19:21:59 | BookOCR |    INFO | info:60 | ================================================================================
2026-01-07 19:21:59 | BookOCR |    INFO | info:60 | Step 1/3: Preprocessing image
2026-01-07 19:21:59 | BookOCR |    INFO | info:60 | Preprocessing image: E:\book-ocr-model\data\input\img53.jpg
2026-01-07 19:21:59 | BookOCR |   DEBUG | debug:55 | Original image loaded | Context: {"shape": [2043, 1260, 3], "dtype": "uint8"}
2026-01-07 19:21:59 | BookOCR |   DEBUG | debug:55 | Converted to grayscale
2026-01-07 19:22:00 | BookOCR |   DEBUG | debug:55 | Applied denoising
2026-01-07 19:22:00 | BookOCR |   DEBUG | debug:55 | Applied adaptive thresholding
2026-01-07 19:22:00 | BookOCR |   DEBUG | debug:55 | Deskewed image by -90.00 degrees
2026-01-07 19:22:00 | BookOCR |   DEBUG | debug:55 | Saved processed image to: E:\book-ocr-model\data\processed\img53.jpg
2026-01-07 19:22:00 | BookOCR |    INFO | info:60 | Image preprocessing completed successfully
2026-01-07 19:22:00 | BookOCR |    INFO | info:60 | Step 2/3: Performing OCR
2026-01-07 19:22:00 | BookOCR |    INFO | info:60 | Starting EasyOCR extraction
2026-01-07 19:22:18 | BookOCR |    INFO | info:60 | EasyOCR completed | {"text_length": 323, "confidence": "0.38"}
2026-01-07 19:22:18 | BookOCR |    INFO | info:60 | Step 3/3: Extracting information
2026-01-07 19:22:18 | BookOCR |    INFO | info:60 | Startin information extraction
2026-01-07 19:22:18 | BookOCR |   DEBUG | debug:55 | Input text preview | Context: {"preview": "8 HUHH 1 2 MF L 1 HHL | k 27 8 | 0 | [ 3 1 H { U 0 : L 8 1 28 # 4 F 9_ 82 8 8 8 1 8 ) 3 8 2 Ut #i 3 Bul 8 2 l@ 2 8 8 2 \u20ac HH 8 0 9 1 08 T # 1 | 3: [ g 3 8 H 8 1 3 8 0a4; 9 8 L 3 # 3 8 | [ HU HE @ 8 ] 1..."}
2026-01-07 19:22:18 | BookOCR |   DEBUG | debug:55 | Extracted title: 8 HUHH 1 2 MF L 1 HHL | k 27 8 | 0 | [ 3 1 H { U 0 : L 8 1 28 # 4 F 9_ 82 8 8 8 1 8 ) 3 8 2 Ut #i 3 Bul 8 2 l@ 2 8 8 2 € HH 8 0 9 1 08 T # 1 | 3: [ g 3 8 H 8 1 3 8 0a4; 9 8 L 3 # 3 8 | [ HU HE @ 8 ] 18 8 4 L 2 9 M 8 8 1 {e 2 1 8 [ 2 Muh 1 ! 1 1 1 ] 8 ! J L 6 L L L 9, 8 3 3 g 0 8 1 8 3 n HI# { @ 4 1 Pr@ @ @ g 2 8 8 3 8 0 4
2026-01-07 19:22:18 | BookOCR |    INFO | info:60 | Information extraction completed
2026-01-07 19:22:18 | BookOCR |   DEBUG | debug:55 | Extracted fields | Context: {"fields": {"title": "8 HUHH 1 2 MF L 1 HHL | k 27 8 | 0 | [ 3 1 H { U 0 : L 8 1 28 # 4 F 9_ 82 8 8 8 1 8 ) 3 8 2 Ut #i 3 Bul 8 2 l@ 2 8 8 2 \u20ac HH 8 0 9 1 08 T # 1 | 3: [ g 3 8 H 8 1 3 8 0a4; 9 8 L 3 # 3 8 | [ HU HE @ 8 ] 18 8 4 L 2 9 M 8 8 1 {e 2 1 8 [ 2 Muh 1 ! 1 1 1 ] 8 ! J L 6 L L L 9, 8 3 3 g 0 8 1 8 3 n HI# { @ 4 1 Pr@ @ @ g 2 8 8 3 8 0 4"}}
2026-01-07 19:22:18 | BookOCR |    INFO | info:60 | ================================================================================
2026-01-07 19:22:18 | BookOCR |    INFO | info:60 | Extraction completed for: E:\book-ocr-model\data\input\img53.jpg
2026-01-07 19:22:18 | BookOCR |    INFO | info:60 | Fields extracted: ['title', 'raw_text', 'confidence']
2026-01-07 19:22:18 | BookOCR |    INFO | info:60 |   title: 8 HUHH 1 2 MF L 1 HHL | k 27 8 | 0 | [ 3 1 H { U 0 : L 8 1 28 # 4 F 9_ 82 8 8 8 1 8 ) 3 8 2 Ut #i 3 Bul 8 2 l@ 2 8 8 2 € HH 8 0 9 1 08 T # 1 | 3: [ g 3 8 H 8 1 3 8 0a4; 9 8 L 3 # 3 8 | [ HU HE @ 8 ] 18 8 4 L 2 9 M 8 8 1 {e 2 1 8 [ 2 Muh 1 ! 1 1 1 ] 8 ! J L 6 L L L 9, 8 3 3 g 0 8 1 8 3 n HI# { @ 4 1 Pr@ @ @ g 2 8 8 3 8 0 4
2026-01-07 19:22:18 | BookOCR |    INFO | info:60 |   raw_text: 8 HUHH 1 2 MF L 1 HHL | k 27 8 | 0 | [ 3 1 H { U 0 : L 8 1 28 # 4 F 9_ 82 8 8 8 1 8 ) 3 8 2 Ut #i 3 Bul 8 2 l@ 2 8 8 2 € HH 8 0 9 1 08 T # 1 | 3: [ g 3 8 H 8 1 3 8 0a4; 9 8 L 3 # 3 8 | [ HU HE @ 8 ] 18 8 4 L 2 9 M 8 8 1 {e 2 1 8 [ 2 Muh 1 ! 1 1 1 ] 8 ! J L 6 L L L 9, 8 3 3 g 0 8 1 8 3 n HI# { @ 4 1 Pr@ @ @ g 2 8 8 3 8 0 4
2026-01-07 19:22:18 | BookOCR |    INFO | info:60 |   confidence: 0.3817969920102604
2026-01-07 19:22:18 | BookOCR |    INFO | info:60 | ================================================================================
2026-01-07 19:22:18 | BookOCR |    INFO | info:60 | Processing image 12/30
2026-01-07 19:22:18 | BookOCR |    INFO | info:60 | ================================================================================
2026-01-07 19:22:18 | BookOCR |    INFO | info:60 | Processing book image: E:\book-ocr-model\data\input\img53.jpg
2026-01-07 19:22:18 | BookOCR |    INFO | info:60 | ================================================================================
2026-01-07 19:22:18 | BookOCR |    INFO | info:60 | Step 1/3: Preprocessing image
2026-01-07 19:22:18 | BookOCR |    INFO | info:60 | Preprocessing image: E:\book-ocr-model\data\input\img53.jpg
2026-01-07 19:22:18 | BookOCR |   DEBUG | debug:55 | Original image loaded | Context: {"shape": [2043, 1260, 3], "dtype": "uint8"}
2026-01-07 19:22:18 | BookOCR |   DEBUG | debug:55 | Converted to grayscale
2026-01-07 19:22:19 | BookOCR |   DEBUG | debug:55 | Applied denoising
2026-01-07 19:22:19 | BookOCR |   DEBUG | debug:55 | Applied adaptive thresholding
2026-01-07 19:22:19 | BookOCR |   DEBUG | debug:55 | Deskewed image by -90.00 degrees
2026-01-07 19:22:19 | BookOCR |   DEBUG | debug:55 | Saved processed image to: E:\book-ocr-model\data\processed\img53.jpg
2026-01-07 19:22:19 | BookOCR |    INFO | info:60 | Image preprocessing completed successfully
2026-01-07 19:22:19 | BookOCR |    INFO | info:60 | Step 2/3: Performing OCR
2026-01-07 19:22:19 | BookOCR |    INFO | info:60 | Starting EasyOCR extraction
2026-01-07 19:22:36 | BookOCR |    INFO | info:60 | EasyOCR completed | {"text_length": 323, "confidence": "0.38"}
2026-01-07 19:22:36 | BookOCR |    INFO | info:60 | Step 3/3: Extracting information
2026-01-07 19:22:36 | BookOCR |    INFO | info:60 | Startin information extraction
2026-01-07 19:22:36 | BookOCR |   DEBUG | debug:55 | Input text preview | Context: {"preview": "8 HUHH 1 2 MF L 1 HHL | k 27 8 | 0 | [ 3 1 H { U 0 : L 8 1 28 # 4 F 9_ 82 8 8 8 1 8 ) 3 8 2 Ut #i 3 Bul 8 2 l@ 2 8 8 2 \u20ac HH 8 0 9 1 08 T # 1 | 3: [ g 3 8 H 8 1 3 8 0a4; 9 8 L 3 # 3 8 | [ HU HE @ 8 ] 1..."}
2026-01-07 19:22:36 | BookOCR |   DEBUG | debug:55 | Extracted title: 8 HUHH 1 2 MF L 1 HHL | k 27 8 | 0 | [ 3 1 H { U 0 : L 8 1 28 # 4 F 9_ 82 8 8 8 1 8 ) 3 8 2 Ut #i 3 Bul 8 2 l@ 2 8 8 2 € HH 8 0 9 1 08 T # 1 | 3: [ g 3 8 H 8 1 3 8 0a4; 9 8 L 3 # 3 8 | [ HU HE @ 8 ] 18 8 4 L 2 9 M 8 8 1 {e 2 1 8 [ 2 Muh 1 ! 1 1 1 ] 8 ! J L 6 L L L 9, 8 3 3 g 0 8 1 8 3 n HI# { @ 4 1 Pr@ @ @ g 2 8 8 3 8 0 4
2026-01-07 19:22:36 | BookOCR |    INFO | info:60 | Information extraction completed
2026-01-07 19:22:36 | BookOCR |   DEBUG | debug:55 | Extracted fields | Context: {"fields": {"title": "8 HUHH 1 2 MF L 1 HHL | k 27 8 | 0 | [ 3 1 H { U 0 : L 8 1 28 # 4 F 9_ 82 8 8 8 1 8 ) 3 8 2 Ut #i 3 Bul 8 2 l@ 2 8 8 2 \u20ac HH 8 0 9 1 08 T # 1 | 3: [ g 3 8 H 8 1 3 8 0a4; 9 8 L 3 # 3 8 | [ HU HE @ 8 ] 18 8 4 L 2 9 M 8 8 1 {e 2 1 8 [ 2 Muh 1 ! 1 1 1 ] 8 ! J L 6 L L L 9, 8 3 3 g 0 8 1 8 3 n HI# { @ 4 1 Pr@ @ @ g 2 8 8 3 8 0 4"}}
2026-01-07 19:22:36 | BookOCR |    INFO | info:60 | ================================================================================
2026-01-07 19:22:36 | BookOCR |    INFO | info:60 | Extraction completed for: E:\book-ocr-model\data\input\img53.jpg
2026-01-07 19:22:36 | BookOCR |    INFO | info:60 | Fields extracted: ['title', 'raw_text', 'confidence']
2026-01-07 19:22:36 | BookOCR |    INFO | info:60 |   title: 8 HUHH 1 2 MF L 1 HHL | k 27 8 | 0 | [ 3 1 H { U 0 : L 8 1 28 # 4 F 9_ 82 8 8 8 1 8 ) 3 8 2 Ut #i 3 Bul 8 2 l@ 2 8 8 2 € HH 8 0 9 1 08 T # 1 | 3: [ g 3 8 H 8 1 3 8 0a4; 9 8 L 3 # 3 8 | [ HU HE @ 8 ] 18 8 4 L 2 9 M 8 8 1 {e 2 1 8 [ 2 Muh 1 ! 1 1 1 ] 8 ! J L 6 L L L 9, 8 3 3 g 0 8 1 8 3 n HI# { @ 4 1 Pr@ @ @ g 2 8 8 3 8 0 4
2026-01-07 19:22:36 | BookOCR |    INFO | info:60 |   raw_text: 8 HUHH 1 2 MF L 1 HHL | k 27 8 | 0 | [ 3 1 H { U 0 : L 8 1 28 # 4 F 9_ 82 8 8 8 1 8 ) 3 8 2 Ut #i 3 Bul 8 2 l@ 2 8 8 2 € HH 8 0 9 1 08 T # 1 | 3: [ g 3 8 H 8 1 3 8 0a4; 9 8 L 3 # 3 8 | [ HU HE @ 8 ] 18 8 4 L 2 9 M 8 8 1 {e 2 1 8 [ 2 Muh 1 ! 1 1 1 ] 8 ! J L 6 L L L 9, 8 3 3 g 0 8 1 8 3 n HI# { @ 4 1 Pr@ @ @ g 2 8 8 3 8 0 4
2026-01-07 19:22:36 | BookOCR |    INFO | info:60 |   confidence: 0.3817969920102604
2026-01-07 19:22:36 | BookOCR |    INFO | info:60 | ================================================================================
2026-01-07 19:22:36 | BookOCR |    INFO | info:60 | Processing image 13/30
2026-01-07 19:22:36 | BookOCR |    INFO | info:60 | ================================================================================
2026-01-07 19:22:36 | BookOCR |    INFO | info:60 | Processing book image: E:\book-ocr-model\data\input\img54.jpg
2026-01-07 19:22:36 | BookOCR |    INFO | info:60 | ================================================================================
2026-01-07 19:22:36 | BookOCR |    INFO | info:60 | Step 1/3: Preprocessing image
2026-01-07 19:22:36 | BookOCR |    INFO | info:60 | Preprocessing image: E:\book-ocr-model\data\input\img54.jpg
2026-01-07 19:22:36 | BookOCR |   DEBUG | debug:55 | Original image loaded | Context: {"shape": [1765, 1260, 3], "dtype": "uint8"}
2026-01-07 19:22:36 | BookOCR |   DEBUG | debug:55 | Converted to grayscale
2026-01-07 19:22:37 | BookOCR |   DEBUG | debug:55 | Applied denoising
2026-01-07 19:22:37 | BookOCR |   DEBUG | debug:55 | Applied adaptive thresholding
2026-01-07 19:22:37 | BookOCR |   DEBUG | debug:55 | Saved processed image to: E:\book-ocr-model\data\processed\img54.jpg
2026-01-07 19:22:37 | BookOCR |    INFO | info:60 | Image preprocessing completed successfully
2026-01-07 19:22:37 | BookOCR |    INFO | info:60 | Step 2/3: Performing OCR
2026-01-07 19:22:37 | BookOCR |    INFO | info:60 | Starting EasyOCR extraction
2026-01-07 19:22:48 | BookOCR |    INFO | info:60 | EasyOCR completed | {"text_length": 374, "confidence": "0.64"}
2026-01-07 19:22:48 | BookOCR |    INFO | info:60 | Step 3/3: Extracting information
2026-01-07 19:22:48 | BookOCR |    INFO | info:60 | Startin information extraction
2026-01-07 19:22:48 | BookOCR |   DEBUG | debug:55 | Input text preview | Context: {"preview": "Ulud LLSULGW Lcompanfes HAWMoS ouTlines DATAL IIMITTBHMIH MSIT-LIBRARY STRUCTURES SEMMoUR 4psCHUuz Details Linked representation of Stacks and Queues: 'Simplifies AVL Search Trees;m-way Search Treesan..."}
2026-01-07 19:22:48 | BookOCR |   DEBUG | debug:55 | Extracted title: Ulud LLSULGW Lcompanfes HAWMoS ouTlines DATAL IIMITTBHMIH MSIT-LIBRARY STRUCTURES SEMMoUR 4psCHUuz Details Linked representation of Stacks and Queues: 'Simplifies AVL Search Trees;m-way Search Treesand B Trees_ Highly illustrative with over 300 figures_ and 375 exercises: in For Adapted by3GA VPPA 'sale = Pakistan; Bangladesh, India; and Nepal; Lanka = Sri  Only_ Bhutan =
2026-01-07 19:22:48 | BookOCR |    INFO | info:60 | Information extraction completed
2026-01-07 19:22:48 | BookOCR |   DEBUG | debug:55 | Extracted fields | Context: {"fields": {"title": "Ulud LLSULGW Lcompanfes HAWMoS ouTlines DATAL IIMITTBHMIH MSIT-LIBRARY STRUCTURES SEMMoUR 4psCHUuz Details Linked representation of Stacks and Queues: 'Simplifies AVL Search Trees;m-way Search Treesand B Trees_ Highly illustrative with over 300 figures_ and 375 exercises: in For Adapted by3GA VPPA 'sale = Pakistan; Bangladesh, India; and Nepal; Lanka = Sri  Only_ Bhutan ="}}
2026-01-07 19:22:48 | BookOCR |    INFO | info:60 | ================================================================================
2026-01-07 19:22:48 | BookOCR |    INFO | info:60 | Extraction completed for: E:\book-ocr-model\data\input\img54.jpg
2026-01-07 19:22:48 | BookOCR |    INFO | info:60 | Fields extracted: ['title', 'raw_text', 'confidence']
2026-01-07 19:22:48 | BookOCR |    INFO | info:60 |   title: Ulud LLSULGW Lcompanfes HAWMoS ouTlines DATAL IIMITTBHMIH MSIT-LIBRARY STRUCTURES SEMMoUR 4psCHUuz Details Linked representation of Stacks and Queues: 'Simplifies AVL Search Trees;m-way Search Treesand B Trees_ Highly illustrative with over 300 figures_ and 375 exercises: in For Adapted by3GA VPPA 'sale = Pakistan; Bangladesh, India; and Nepal; Lanka = Sri  Only_ Bhutan =
2026-01-07 19:22:48 | BookOCR |    INFO | info:60 |   raw_text: Ulud LLSULGW Lcompanfes HAWMoS ouTlines DATAL IIMITTBHMIH MSIT-LIBRARY STRUCTURES SEMMoUR 4psCHUuz Details Linked representation of Stacks and Queues: 'Simplifies AVL Search Trees;m-way Search Treesand B Trees_ Highly illustrative with over 300 figures_ and 375 exercises: in For Adapted by3GA VPPA 'sale = Pakistan; Bangladesh, India; and Nepal; Lanka = Sri  Only_ Bhutan =
2026-01-07 19:22:48 | BookOCR |    INFO | info:60 |   confidence: 0.6360051602792082
2026-01-07 19:22:48 | BookOCR |    INFO | info:60 | ================================================================================
2026-01-07 19:22:48 | BookOCR |    INFO | info:60 | Processing image 14/30
2026-01-07 19:22:48 | BookOCR |    INFO | info:60 | ================================================================================
2026-01-07 19:22:48 | BookOCR |    INFO | info:60 | Processing book image: E:\book-ocr-model\data\input\img54.jpg
2026-01-07 19:22:48 | BookOCR |    INFO | info:60 | ================================================================================
2026-01-07 19:22:48 | BookOCR |    INFO | info:60 | Step 1/3: Preprocessing image
2026-01-07 19:22:48 | BookOCR |    INFO | info:60 | Preprocessing image: E:\book-ocr-model\data\input\img54.jpg
2026-01-07 19:22:48 | BookOCR |   DEBUG | debug:55 | Original image loaded | Context: {"shape": [1765, 1260, 3], "dtype": "uint8"}
2026-01-07 19:22:48 | BookOCR |   DEBUG | debug:55 | Converted to grayscale
2026-01-07 19:22:49 | BookOCR |   DEBUG | debug:55 | Applied denoising
2026-01-07 19:22:49 | BookOCR |   DEBUG | debug:55 | Applied adaptive thresholding
2026-01-07 19:22:49 | BookOCR |   DEBUG | debug:55 | Saved processed image to: E:\book-ocr-model\data\processed\img54.jpg
2026-01-07 19:22:49 | BookOCR |    INFO | info:60 | Image preprocessing completed successfully
2026-01-07 19:22:49 | BookOCR |    INFO | info:60 | Step 2/3: Performing OCR
2026-01-07 19:22:49 | BookOCR |    INFO | info:60 | Starting EasyOCR extraction
2026-01-07 19:23:00 | BookOCR |    INFO | info:60 | EasyOCR completed | {"text_length": 374, "confidence": "0.64"}
2026-01-07 19:23:00 | BookOCR |    INFO | info:60 | Step 3/3: Extracting information
2026-01-07 19:23:00 | BookOCR |    INFO | info:60 | Startin information extraction
2026-01-07 19:23:00 | BookOCR |   DEBUG | debug:55 | Input text preview | Context: {"preview": "Ulud LLSULGW Lcompanfes HAWMoS ouTlines DATAL IIMITTBHMIH MSIT-LIBRARY STRUCTURES SEMMoUR 4psCHUuz Details Linked representation of Stacks and Queues: 'Simplifies AVL Search Trees;m-way Search Treesan..."}
2026-01-07 19:23:00 | BookOCR |   DEBUG | debug:55 | Extracted title: Ulud LLSULGW Lcompanfes HAWMoS ouTlines DATAL IIMITTBHMIH MSIT-LIBRARY STRUCTURES SEMMoUR 4psCHUuz Details Linked representation of Stacks and Queues: 'Simplifies AVL Search Trees;m-way Search Treesand B Trees_ Highly illustrative with over 300 figures_ and 375 exercises: in For Adapted by3GA VPPA 'sale = Pakistan; Bangladesh, India; and Nepal; Lanka = Sri  Only_ Bhutan =
2026-01-07 19:23:00 | BookOCR |    INFO | info:60 | Information extraction completed
2026-01-07 19:23:00 | BookOCR |   DEBUG | debug:55 | Extracted fields | Context: {"fields": {"title": "Ulud LLSULGW Lcompanfes HAWMoS ouTlines DATAL IIMITTBHMIH MSIT-LIBRARY STRUCTURES SEMMoUR 4psCHUuz Details Linked representation of Stacks and Queues: 'Simplifies AVL Search Trees;m-way Search Treesand B Trees_ Highly illustrative with over 300 figures_ and 375 exercises: in For Adapted by3GA VPPA 'sale = Pakistan; Bangladesh, India; and Nepal; Lanka = Sri  Only_ Bhutan ="}}
2026-01-07 19:23:00 | BookOCR |    INFO | info:60 | ================================================================================
2026-01-07 19:23:00 | BookOCR |    INFO | info:60 | Extraction completed for: E:\book-ocr-model\data\input\img54.jpg
2026-01-07 19:23:00 | BookOCR |    INFO | info:60 | Fields extracted: ['title', 'raw_text', 'confidence']
2026-01-07 19:23:00 | BookOCR |    INFO | info:60 |   title: Ulud LLSULGW Lcompanfes HAWMoS ouTlines DATAL IIMITTBHMIH MSIT-LIBRARY STRUCTURES SEMMoUR 4psCHUuz Details Linked representation of Stacks and Queues: 'Simplifies AVL Search Trees;m-way Search Treesand B Trees_ Highly illustrative with over 300 figures_ and 375 exercises: in For Adapted by3GA VPPA 'sale = Pakistan; Bangladesh, India; and Nepal; Lanka = Sri  Only_ Bhutan =
2026-01-07 19:23:00 | BookOCR |    INFO | info:60 |   raw_text: Ulud LLSULGW Lcompanfes HAWMoS ouTlines DATAL IIMITTBHMIH MSIT-LIBRARY STRUCTURES SEMMoUR 4psCHUuz Details Linked representation of Stacks and Queues: 'Simplifies AVL Search Trees;m-way Search Treesand B Trees_ Highly illustrative with over 300 figures_ and 375 exercises: in For Adapted by3GA VPPA 'sale = Pakistan; Bangladesh, India; and Nepal; Lanka = Sri  Only_ Bhutan =
2026-01-07 19:23:00 | BookOCR |    INFO | info:60 |   confidence: 0.6360051602792082
2026-01-07 19:23:00 | BookOCR |    INFO | info:60 | ================================================================================
2026-01-07 19:23:00 | BookOCR |    INFO | info:60 | Processing image 15/30
2026-01-07 19:23:00 | BookOCR |    INFO | info:60 | ================================================================================
2026-01-07 19:23:00 | BookOCR |    INFO | info:60 | Processing book image: E:\book-ocr-model\data\input\img55.jpg
2026-01-07 19:23:00 | BookOCR |    INFO | info:60 | ================================================================================
2026-01-07 19:23:00 | BookOCR |    INFO | info:60 | Step 1/3: Preprocessing image
2026-01-07 19:23:00 | BookOCR |    INFO | info:60 | Preprocessing image: E:\book-ocr-model\data\input\img55.jpg
2026-01-07 19:23:00 | BookOCR |   DEBUG | debug:55 | Original image loaded | Context: {"shape": [2364, 420, 3], "dtype": "uint8"}
2026-01-07 19:23:00 | BookOCR |   DEBUG | debug:55 | Converted to grayscale
2026-01-07 19:23:01 | BookOCR |   DEBUG | debug:55 | Applied denoising
2026-01-07 19:23:01 | BookOCR |   DEBUG | debug:55 | Applied adaptive thresholding
2026-01-07 19:23:01 | BookOCR |   DEBUG | debug:55 | Deskewed image by -90.00 degrees
2026-01-07 19:23:01 | BookOCR |   DEBUG | debug:55 | Saved processed image to: E:\book-ocr-model\data\processed\img55.jpg
2026-01-07 19:23:01 | BookOCR |    INFO | info:60 | Image preprocessing completed successfully
2026-01-07 19:23:01 | BookOCR |    INFO | info:60 | Step 2/3: Performing OCR
2026-01-07 19:23:01 | BookOCR |    INFO | info:60 | Starting EasyOCR extraction
2026-01-07 19:23:05 | BookOCR |    INFO | info:60 | EasyOCR completed | {"text_length": 4, "confidence": "0.11"}
2026-01-07 19:23:05 | BookOCR |    INFO | info:60 | Step 3/3: Extracting information
2026-01-07 19:23:05 | BookOCR |    INFO | info:60 | Startin information extraction
2026-01-07 19:23:05 | BookOCR |   DEBUG | debug:55 | Input text preview | Context: {"preview": "LDAX"}
2026-01-07 19:23:05 | BookOCR |    INFO | info:60 | Information extraction completed
2026-01-07 19:23:05 | BookOCR |   DEBUG | debug:55 | Extracted fields | Context: {"fields": {}}
2026-01-07 19:23:05 | BookOCR |    INFO | info:60 | ================================================================================
2026-01-07 19:23:05 | BookOCR |    INFO | info:60 | Extraction completed for: E:\book-ocr-model\data\input\img55.jpg
2026-01-07 19:23:05 | BookOCR |    INFO | info:60 | Fields extracted: ['raw_text', 'confidence']
2026-01-07 19:23:05 | BookOCR |    INFO | info:60 |   raw_text: LDAX
2026-01-07 19:23:05 | BookOCR |    INFO | info:60 |   confidence: 0.11262552440166473
2026-01-07 19:23:05 | BookOCR |    INFO | info:60 | ================================================================================
2026-01-07 19:23:05 | BookOCR |    INFO | info:60 | Processing image 16/30
2026-01-07 19:23:05 | BookOCR |    INFO | info:60 | ================================================================================
2026-01-07 19:23:05 | BookOCR |    INFO | info:60 | Processing book image: E:\book-ocr-model\data\input\img55.jpg
2026-01-07 19:23:05 | BookOCR |    INFO | info:60 | ================================================================================
2026-01-07 19:23:05 | BookOCR |    INFO | info:60 | Step 1/3: Preprocessing image
2026-01-07 19:23:05 | BookOCR |    INFO | info:60 | Preprocessing image: E:\book-ocr-model\data\input\img55.jpg
2026-01-07 19:23:05 | BookOCR |   DEBUG | debug:55 | Original image loaded | Context: {"shape": [2364, 420, 3], "dtype": "uint8"}
2026-01-07 19:23:05 | BookOCR |   DEBUG | debug:55 | Converted to grayscale
2026-01-07 19:23:05 | BookOCR |   DEBUG | debug:55 | Applied denoising
2026-01-07 19:23:05 | BookOCR |   DEBUG | debug:55 | Applied adaptive thresholding
2026-01-07 19:23:05 | BookOCR |   DEBUG | debug:55 | Deskewed image by -90.00 degrees
2026-01-07 19:23:05 | BookOCR |   DEBUG | debug:55 | Saved processed image to: E:\book-ocr-model\data\processed\img55.jpg
2026-01-07 19:23:05 | BookOCR |    INFO | info:60 | Image preprocessing completed successfully
2026-01-07 19:23:05 | BookOCR |    INFO | info:60 | Step 2/3: Performing OCR
2026-01-07 19:23:05 | BookOCR |    INFO | info:60 | Starting EasyOCR extraction
2026-01-07 19:23:10 | BookOCR |    INFO | info:60 | EasyOCR completed | {"text_length": 4, "confidence": "0.11"}
2026-01-07 19:23:10 | BookOCR |    INFO | info:60 | Step 3/3: Extracting information
2026-01-07 19:23:10 | BookOCR |    INFO | info:60 | Startin information extraction
2026-01-07 19:23:10 | BookOCR |   DEBUG | debug:55 | Input text preview | Context: {"preview": "LDAX"}
2026-01-07 19:23:10 | BookOCR |    INFO | info:60 | Information extraction completed
2026-01-07 19:23:10 | BookOCR |   DEBUG | debug:55 | Extracted fields | Context: {"fields": {}}
2026-01-07 19:23:10 | BookOCR |    INFO | info:60 | ================================================================================
2026-01-07 19:23:10 | BookOCR |    INFO | info:60 | Extraction completed for: E:\book-ocr-model\data\input\img55.jpg
2026-01-07 19:23:10 | BookOCR |    INFO | info:60 | Fields extracted: ['raw_text', 'confidence']
2026-01-07 19:23:10 | BookOCR |    INFO | info:60 |   raw_text: LDAX
2026-01-07 19:23:10 | BookOCR |    INFO | info:60 |   confidence: 0.11262552440166473
2026-01-07 19:23:10 | BookOCR |    INFO | info:60 | ================================================================================
2026-01-07 19:23:10 | BookOCR |    INFO | info:60 | Processing image 17/30
2026-01-07 19:23:10 | BookOCR |    INFO | info:60 | ================================================================================
2026-01-07 19:23:10 | BookOCR |    INFO | info:60 | Processing book image: E:\book-ocr-model\data\input\img56.jpg
2026-01-07 19:23:10 | BookOCR |    INFO | info:60 | ================================================================================
2026-01-07 19:23:10 | BookOCR |    INFO | info:60 | Step 1/3: Preprocessing image
2026-01-07 19:23:10 | BookOCR |    INFO | info:60 | Preprocessing image: E:\book-ocr-model\data\input\img56.jpg
2026-01-07 19:23:10 | BookOCR |   DEBUG | debug:55 | Original image loaded | Context: {"shape": [1748, 1260, 3], "dtype": "uint8"}
2026-01-07 19:23:10 | BookOCR |   DEBUG | debug:55 | Converted to grayscale
2026-01-07 19:23:11 | BookOCR |   DEBUG | debug:55 | Applied denoising
2026-01-07 19:23:11 | BookOCR |   DEBUG | debug:55 | Applied adaptive thresholding
2026-01-07 19:23:11 | BookOCR |   DEBUG | debug:55 | Deskewed image by -90.00 degrees
2026-01-07 19:23:11 | BookOCR |   DEBUG | debug:55 | Saved processed image to: E:\book-ocr-model\data\processed\img56.jpg
2026-01-07 19:23:11 | BookOCR |    INFO | info:60 | Image preprocessing completed successfully
2026-01-07 19:23:11 | BookOCR |    INFO | info:60 | Step 2/3: Performing OCR
2026-01-07 19:23:11 | BookOCR |    INFO | info:60 | Starting EasyOCR extraction
2026-01-07 19:23:21 | BookOCR |    INFO | info:60 | EasyOCR completed | {"text_length": 80, "confidence": "0.41"}
2026-01-07 19:23:21 | BookOCR |    INFO | info:60 | Step 3/3: Extracting information
2026-01-07 19:23:21 | BookOCR |    INFO | info:60 | Startin information extraction
2026-01-07 19:23:21 | BookOCR |   DEBUG | debug:55 | Input text preview | Context: {"preview": "8 Qxlw] 7 F IHHHHHH 8 1 g J 3 W 2 #QH 8883 0 p 12 8 E C 8 5 ?? 8 ] 0 II = 03 [ 3"}
2026-01-07 19:23:21 | BookOCR |   DEBUG | debug:55 | Extracted title: 8 Qxlw] 7 F IHHHHHH 8 1 g J 3 W 2 #QH 8883 0 p 12 8 E C 8 5 ?? 8 ] 0 II = 03 [ 3
2026-01-07 19:23:21 | BookOCR |    INFO | info:60 | Information extraction completed
2026-01-07 19:23:21 | BookOCR |   DEBUG | debug:55 | Extracted fields | Context: {"fields": {"title": "8 Qxlw] 7 F IHHHHHH 8 1 g J 3 W 2 #QH 8883 0 p 12 8 E C 8 5 ?? 8 ] 0 II = 03 [ 3"}}
2026-01-07 19:23:21 | BookOCR |    INFO | info:60 | ================================================================================
2026-01-07 19:23:21 | BookOCR |    INFO | info:60 | Extraction completed for: E:\book-ocr-model\data\input\img56.jpg
2026-01-07 19:23:21 | BookOCR |    INFO | info:60 | Fields extracted: ['title', 'raw_text', 'confidence']
2026-01-07 19:23:21 | BookOCR |    INFO | info:60 |   title: 8 Qxlw] 7 F IHHHHHH 8 1 g J 3 W 2 #QH 8883 0 p 12 8 E C 8 5 ?? 8 ] 0 II = 03 [ 3
2026-01-07 19:23:21 | BookOCR |    INFO | info:60 |   raw_text: 8 Qxlw] 7 F IHHHHHH 8 1 g J 3 W 2 #QH 8883 0 p 12 8 E C 8 5 ?? 8 ] 0 II = 03 [ 3
2026-01-07 19:23:21 | BookOCR |    INFO | info:60 |   confidence: 0.40616984745571433
2026-01-07 19:23:21 | BookOCR |    INFO | info:60 | ================================================================================
2026-01-07 19:23:21 | BookOCR |    INFO | info:60 | Processing image 18/30
2026-01-07 19:23:21 | BookOCR |    INFO | info:60 | ================================================================================
2026-01-07 19:23:21 | BookOCR |    INFO | info:60 | Processing book image: E:\book-ocr-model\data\input\img56.jpg
2026-01-07 19:23:21 | BookOCR |    INFO | info:60 | ================================================================================
2026-01-07 19:23:21 | BookOCR |    INFO | info:60 | Step 1/3: Preprocessing image
2026-01-07 19:23:21 | BookOCR |    INFO | info:60 | Preprocessing image: E:\book-ocr-model\data\input\img56.jpg
2026-01-07 19:23:21 | BookOCR |   DEBUG | debug:55 | Original image loaded | Context: {"shape": [1748, 1260, 3], "dtype": "uint8"}
2026-01-07 19:23:21 | BookOCR |   DEBUG | debug:55 | Converted to grayscale
2026-01-07 19:23:22 | BookOCR |   DEBUG | debug:55 | Applied denoising
2026-01-07 19:23:22 | BookOCR |   DEBUG | debug:55 | Applied adaptive thresholding
2026-01-07 19:23:22 | BookOCR |   DEBUG | debug:55 | Deskewed image by -90.00 degrees
2026-01-07 19:23:22 | BookOCR |   DEBUG | debug:55 | Saved processed image to: E:\book-ocr-model\data\processed\img56.jpg
2026-01-07 19:23:22 | BookOCR |    INFO | info:60 | Image preprocessing completed successfully
2026-01-07 19:23:22 | BookOCR |    INFO | info:60 | Step 2/3: Performing OCR
2026-01-07 19:23:22 | BookOCR |    INFO | info:60 | Starting EasyOCR extraction
2026-01-07 19:23:33 | BookOCR |    INFO | info:60 | EasyOCR completed | {"text_length": 80, "confidence": "0.41"}
2026-01-07 19:23:33 | BookOCR |    INFO | info:60 | Step 3/3: Extracting information
2026-01-07 19:23:33 | BookOCR |    INFO | info:60 | Startin information extraction
2026-01-07 19:23:33 | BookOCR |   DEBUG | debug:55 | Input text preview | Context: {"preview": "8 Qxlw] 7 F IHHHHHH 8 1 g J 3 W 2 #QH 8883 0 p 12 8 E C 8 5 ?? 8 ] 0 II = 03 [ 3"}
2026-01-07 19:23:33 | BookOCR |   DEBUG | debug:55 | Extracted title: 8 Qxlw] 7 F IHHHHHH 8 1 g J 3 W 2 #QH 8883 0 p 12 8 E C 8 5 ?? 8 ] 0 II = 03 [ 3
2026-01-07 19:23:33 | BookOCR |    INFO | info:60 | Information extraction completed
2026-01-07 19:23:33 | BookOCR |   DEBUG | debug:55 | Extracted fields | Context: {"fields": {"title": "8 Qxlw] 7 F IHHHHHH 8 1 g J 3 W 2 #QH 8883 0 p 12 8 E C 8 5 ?? 8 ] 0 II = 03 [ 3"}}
2026-01-07 19:23:33 | BookOCR |    INFO | info:60 | ================================================================================
2026-01-07 19:23:33 | BookOCR |    INFO | info:60 | Extraction completed for: E:\book-ocr-model\data\input\img56.jpg
2026-01-07 19:23:33 | BookOCR |    INFO | info:60 | Fields extracted: ['title', 'raw_text', 'confidence']
2026-01-07 19:23:33 | BookOCR |    INFO | info:60 |   title: 8 Qxlw] 7 F IHHHHHH 8 1 g J 3 W 2 #QH 8883 0 p 12 8 E C 8 5 ?? 8 ] 0 II = 03 [ 3
2026-01-07 19:23:33 | BookOCR |    INFO | info:60 |   raw_text: 8 Qxlw] 7 F IHHHHHH 8 1 g J 3 W 2 #QH 8883 0 p 12 8 E C 8 5 ?? 8 ] 0 II = 03 [ 3
2026-01-07 19:23:33 | BookOCR |    INFO | info:60 |   confidence: 0.40616984745571433
2026-01-07 19:23:33 | BookOCR |    INFO | info:60 | ================================================================================
2026-01-07 19:23:33 | BookOCR |    INFO | info:60 | Processing image 19/30
2026-01-07 19:23:33 | BookOCR |    INFO | info:60 | ================================================================================
2026-01-07 19:23:33 | BookOCR |    INFO | info:60 | Processing book image: E:\book-ocr-model\data\input\img57.jpg
2026-01-07 19:23:33 | BookOCR |    INFO | info:60 | ================================================================================
2026-01-07 19:23:33 | BookOCR |    INFO | info:60 | Step 1/3: Preprocessing image
2026-01-07 19:23:33 | BookOCR |    INFO | info:60 | Preprocessing image: E:\book-ocr-model\data\input\img57.jpg
2026-01-07 19:23:33 | BookOCR |   DEBUG | debug:55 | Original image loaded | Context: {"shape": [1815, 1260, 3], "dtype": "uint8"}
2026-01-07 19:23:33 | BookOCR |   DEBUG | debug:55 | Converted to grayscale
2026-01-07 19:23:34 | BookOCR |   DEBUG | debug:55 | Applied denoising
2026-01-07 19:23:34 | BookOCR |   DEBUG | debug:55 | Applied adaptive thresholding
2026-01-07 19:23:34 | BookOCR |   DEBUG | debug:55 | Deskewed image by -90.00 degrees
2026-01-07 19:23:34 | BookOCR |   DEBUG | debug:55 | Saved processed image to: E:\book-ocr-model\data\processed\img57.jpg
2026-01-07 19:23:34 | BookOCR |    INFO | info:60 | Image preprocessing completed successfully
2026-01-07 19:23:34 | BookOCR |    INFO | info:60 | Step 2/3: Performing OCR
2026-01-07 19:23:34 | BookOCR |    INFO | info:60 | Starting EasyOCR extraction
2026-01-07 19:23:44 | BookOCR |    INFO | info:60 | EasyOCR completed | {"text_length": 36, "confidence": "0.31"}
2026-01-07 19:23:44 | BookOCR |    INFO | info:60 | Step 3/3: Extracting information
2026-01-07 19:23:44 | BookOCR |    INFO | info:60 | Startin information extraction
2026-01-07 19:23:44 | BookOCR |   DEBUG | debug:55 | Input text preview | Context: {"preview": "232 0 1 2 ; 8 3230737 3 84 1 3 22332"}
2026-01-07 19:23:44 | BookOCR |    INFO | info:60 | Information extraction completed
2026-01-07 19:23:44 | BookOCR |   DEBUG | debug:55 | Extracted fields | Context: {"fields": {}}
2026-01-07 19:23:44 | BookOCR |    INFO | info:60 | ================================================================================
2026-01-07 19:23:44 | BookOCR |    INFO | info:60 | Extraction completed for: E:\book-ocr-model\data\input\img57.jpg
2026-01-07 19:23:44 | BookOCR |    INFO | info:60 | Fields extracted: ['raw_text', 'confidence']
2026-01-07 19:23:44 | BookOCR |    INFO | info:60 |   raw_text: 232 0 1 2 ; 8 3230737 3 84 1 3 22332
2026-01-07 19:23:44 | BookOCR |    INFO | info:60 |   confidence: 0.3087194157510758
2026-01-07 19:23:44 | BookOCR |    INFO | info:60 | ================================================================================
2026-01-07 19:23:44 | BookOCR |    INFO | info:60 | Processing image 20/30
2026-01-07 19:23:44 | BookOCR |    INFO | info:60 | ================================================================================
2026-01-07 19:23:44 | BookOCR |    INFO | info:60 | Processing book image: E:\book-ocr-model\data\input\img57.jpg
2026-01-07 19:23:44 | BookOCR |    INFO | info:60 | ================================================================================
2026-01-07 19:23:44 | BookOCR |    INFO | info:60 | Step 1/3: Preprocessing image
2026-01-07 19:23:44 | BookOCR |    INFO | info:60 | Preprocessing image: E:\book-ocr-model\data\input\img57.jpg
2026-01-07 19:23:44 | BookOCR |   DEBUG | debug:55 | Original image loaded | Context: {"shape": [1815, 1260, 3], "dtype": "uint8"}
2026-01-07 19:23:44 | BookOCR |   DEBUG | debug:55 | Converted to grayscale
2026-01-07 19:23:45 | BookOCR |   DEBUG | debug:55 | Applied denoising
2026-01-07 19:23:45 | BookOCR |   DEBUG | debug:55 | Applied adaptive thresholding
2026-01-07 19:23:45 | BookOCR |   DEBUG | debug:55 | Deskewed image by -90.00 degrees
2026-01-07 19:23:45 | BookOCR |   DEBUG | debug:55 | Saved processed image to: E:\book-ocr-model\data\processed\img57.jpg
2026-01-07 19:23:45 | BookOCR |    INFO | info:60 | Image preprocessing completed successfully
2026-01-07 19:23:45 | BookOCR |    INFO | info:60 | Step 2/3: Performing OCR
2026-01-07 19:23:45 | BookOCR |    INFO | info:60 | Starting EasyOCR extraction
2026-01-07 19:23:56 | BookOCR |    INFO | info:60 | EasyOCR completed | {"text_length": 36, "confidence": "0.31"}
2026-01-07 19:23:56 | BookOCR |    INFO | info:60 | Step 3/3: Extracting information
2026-01-07 19:23:56 | BookOCR |    INFO | info:60 | Startin information extraction
2026-01-07 19:23:56 | BookOCR |   DEBUG | debug:55 | Input text preview | Context: {"preview": "232 0 1 2 ; 8 3230737 3 84 1 3 22332"}
2026-01-07 19:23:56 | BookOCR |    INFO | info:60 | Information extraction completed
2026-01-07 19:23:56 | BookOCR |   DEBUG | debug:55 | Extracted fields | Context: {"fields": {}}
2026-01-07 19:23:56 | BookOCR |    INFO | info:60 | ================================================================================
2026-01-07 19:23:56 | BookOCR |    INFO | info:60 | Extraction completed for: E:\book-ocr-model\data\input\img57.jpg
2026-01-07 19:23:56 | BookOCR |    INFO | info:60 | Fields extracted: ['raw_text', 'confidence']
2026-01-07 19:23:56 | BookOCR |    INFO | info:60 |   raw_text: 232 0 1 2 ; 8 3230737 3 84 1 3 22332
2026-01-07 19:23:56 | BookOCR |    INFO | info:60 |   confidence: 0.3087194157510758
2026-01-07 19:23:56 | BookOCR |    INFO | info:60 | ================================================================================
2026-01-07 19:23:56 | BookOCR |    INFO | info:60 | Processing image 21/30
2026-01-07 19:23:56 | BookOCR |    INFO | info:60 | ================================================================================
2026-01-07 19:23:56 | BookOCR |    INFO | info:60 | Processing book image: E:\book-ocr-model\data\input\img58.jpg
2026-01-07 19:23:56 | BookOCR |    INFO | info:60 | ================================================================================
2026-01-07 19:23:56 | BookOCR |    INFO | info:60 | Step 1/3: Preprocessing image
2026-01-07 19:23:56 | BookOCR |    INFO | info:60 | Preprocessing image: E:\book-ocr-model\data\input\img58.jpg
2026-01-07 19:23:56 | BookOCR |   DEBUG | debug:55 | Original image loaded | Context: {"shape": [2800, 357, 3], "dtype": "uint8"}
2026-01-07 19:23:56 | BookOCR |   DEBUG | debug:55 | Converted to grayscale
2026-01-07 19:23:57 | BookOCR |   DEBUG | debug:55 | Applied denoising
2026-01-07 19:23:57 | BookOCR |   DEBUG | debug:55 | Applied adaptive thresholding
2026-01-07 19:23:57 | BookOCR |   DEBUG | debug:55 | Deskewed image by -90.00 degrees
2026-01-07 19:23:57 | BookOCR |   DEBUG | debug:55 | Saved processed image to: E:\book-ocr-model\data\processed\img58.jpg
2026-01-07 19:23:57 | BookOCR |    INFO | info:60 | Image preprocessing completed successfully
2026-01-07 19:23:57 | BookOCR |    INFO | info:60 | Step 2/3: Performing OCR
2026-01-07 19:23:57 | BookOCR |    INFO | info:60 | Starting EasyOCR extraction
2026-01-07 19:24:03 | BookOCR |    INFO | info:60 | EasyOCR completed | {"text_length": 3, "confidence": "0.22"}
2026-01-07 19:24:03 | BookOCR |    INFO | info:60 | Step 3/3: Extracting information
2026-01-07 19:24:03 | BookOCR |    INFO | info:60 | Startin information extraction
2026-01-07 19:24:03 | BookOCR |   DEBUG | debug:55 | Input text preview | Context: {"preview": "WMs"}
2026-01-07 19:24:03 | BookOCR |    INFO | info:60 | Information extraction completed
2026-01-07 19:24:03 | BookOCR |   DEBUG | debug:55 | Extracted fields | Context: {"fields": {}}
2026-01-07 19:24:03 | BookOCR |    INFO | info:60 | ================================================================================
2026-01-07 19:24:03 | BookOCR |    INFO | info:60 | Extraction completed for: E:\book-ocr-model\data\input\img58.jpg
2026-01-07 19:24:03 | BookOCR |    INFO | info:60 | Fields extracted: ['raw_text', 'confidence']
2026-01-07 19:24:03 | BookOCR |    INFO | info:60 |   raw_text: WMs
2026-01-07 19:24:03 | BookOCR |    INFO | info:60 |   confidence: 0.22390462858909518
2026-01-07 19:24:03 | BookOCR |    INFO | info:60 | ================================================================================
2026-01-07 19:24:03 | BookOCR |    INFO | info:60 | Processing image 22/30
2026-01-07 19:24:03 | BookOCR |    INFO | info:60 | ================================================================================
2026-01-07 19:24:03 | BookOCR |    INFO | info:60 | Processing book image: E:\book-ocr-model\data\input\img58.jpg
2026-01-07 19:24:03 | BookOCR |    INFO | info:60 | ================================================================================
2026-01-07 19:24:03 | BookOCR |    INFO | info:60 | Step 1/3: Preprocessing image
2026-01-07 19:24:03 | BookOCR |    INFO | info:60 | Preprocessing image: E:\book-ocr-model\data\input\img58.jpg
2026-01-07 19:24:03 | BookOCR |   DEBUG | debug:55 | Original image loaded | Context: {"shape": [2800, 357, 3], "dtype": "uint8"}
2026-01-07 19:24:03 | BookOCR |   DEBUG | debug:55 | Converted to grayscale
2026-01-07 19:24:03 | BookOCR |   DEBUG | debug:55 | Applied denoising
2026-01-07 19:24:03 | BookOCR |   DEBUG | debug:55 | Applied adaptive thresholding
2026-01-07 19:24:03 | BookOCR |   DEBUG | debug:55 | Deskewed image by -90.00 degrees
2026-01-07 19:24:03 | BookOCR |   DEBUG | debug:55 | Saved processed image to: E:\book-ocr-model\data\processed\img58.jpg
2026-01-07 19:24:03 | BookOCR |    INFO | info:60 | Image preprocessing completed successfully
2026-01-07 19:24:03 | BookOCR |    INFO | info:60 | Step 2/3: Performing OCR
2026-01-07 19:24:03 | BookOCR |    INFO | info:60 | Starting EasyOCR extraction
2026-01-07 19:24:09 | BookOCR |    INFO | info:60 | EasyOCR completed | {"text_length": 3, "confidence": "0.22"}
2026-01-07 19:24:09 | BookOCR |    INFO | info:60 | Step 3/3: Extracting information
2026-01-07 19:24:09 | BookOCR |    INFO | info:60 | Startin information extraction
2026-01-07 19:24:09 | BookOCR |   DEBUG | debug:55 | Input text preview | Context: {"preview": "WMs"}
2026-01-07 19:24:09 | BookOCR |    INFO | info:60 | Information extraction completed
2026-01-07 19:24:09 | BookOCR |   DEBUG | debug:55 | Extracted fields | Context: {"fields": {}}
2026-01-07 19:24:09 | BookOCR |    INFO | info:60 | ================================================================================
2026-01-07 19:24:09 | BookOCR |    INFO | info:60 | Extraction completed for: E:\book-ocr-model\data\input\img58.jpg
2026-01-07 19:24:09 | BookOCR |    INFO | info:60 | Fields extracted: ['raw_text', 'confidence']
2026-01-07 19:24:09 | BookOCR |    INFO | info:60 |   raw_text: WMs
2026-01-07 19:24:09 | BookOCR |    INFO | info:60 |   confidence: 0.22390462858909518
2026-01-07 19:24:09 | BookOCR |    INFO | info:60 | ================================================================================
2026-01-07 19:24:09 | BookOCR |    INFO | info:60 | Processing image 23/30
2026-01-07 19:24:09 | BookOCR |    INFO | info:60 | ================================================================================
2026-01-07 19:24:09 | BookOCR |    INFO | info:60 | Processing book image: E:\book-ocr-model\data\input\img59.jpg
2026-01-07 19:24:09 | BookOCR |    INFO | info:60 | ================================================================================
2026-01-07 19:24:09 | BookOCR |    INFO | info:60 | Step 1/3: Preprocessing image
2026-01-07 19:24:09 | BookOCR |    INFO | info:60 | Preprocessing image: E:\book-ocr-model\data\input\img59.jpg
2026-01-07 19:24:09 | BookOCR |   DEBUG | debug:55 | Original image loaded | Context: {"shape": [1863, 1260, 3], "dtype": "uint8"}
2026-01-07 19:24:09 | BookOCR |   DEBUG | debug:55 | Converted to grayscale
2026-01-07 19:24:10 | BookOCR |   DEBUG | debug:55 | Applied denoising
2026-01-07 19:24:10 | BookOCR |   DEBUG | debug:55 | Applied adaptive thresholding
2026-01-07 19:24:10 | BookOCR |   DEBUG | debug:55 | Saved processed image to: E:\book-ocr-model\data\processed\img59.jpg
2026-01-07 19:24:10 | BookOCR |    INFO | info:60 | Image preprocessing completed successfully
2026-01-07 19:24:10 | BookOCR |    INFO | info:60 | Step 2/3: Performing OCR
2026-01-07 19:24:10 | BookOCR |    INFO | info:60 | Starting EasyOCR extraction
2026-01-07 19:24:28 | BookOCR |    INFO | info:60 | EasyOCR completed | {"text_length": 1689, "confidence": "0.49"}
2026-01-07 19:24:28 | BookOCR |    INFO | info:60 | Step 3/3: Extracting information
2026-01-07 19:24:28 | BookOCR |    INFO | info:60 | Startin information extraction
2026-01-07 19:24:28 | BookOCR |   DEBUG | debug:55 | Input text preview | Context: {"preview": "i REVISED THIRD EDITION Conputer Systend \"Architectel AMonE Maho 6RF 3a58 Bearson presents themuch-awaitedtev eo onoflits pioreerititley \"'@nComputer System ArchitecturebbyMous Mano} #ip Tistevsed(ext..."}
2026-01-07 19:24:28 | BookOCR |   DEBUG | debug:55 | Extracted title: i REVISED THIRD EDITION Conputer Systend "Architectel AMonE Maho 6RF 3a58 Bearson presents themuch-awaitedtev eo onoflits pioreerititley "'@nComputer System ArchitecturebbyMous Mano} #ip Tistevsed(extscpreadecross fifteenchapterswthsubstantialupdates toincludethelatesd developmentsin theeld ghguirsteightchapters olithe bookocusesonthehardware desig an) computegorganizatonsWhiletheremaininggevenchaplerSintroducesthe-tunctionalunitsordigilal @ompued UhepedagogyoltiebookhasbeenenancedtoenableuheleamerSinassessingued; understandingofconcepts @eplanfonthisevisededitionhasbeenihorougnirevewedbyemientiaculiesonvarious fednca) uiversitiesaciossthecountrandueirunpushavebeen incorporated tochancethecontents: NEW AND ENRICHED FEATURES Chapters on Introduction to architecture and Peripheral devices Sections on master-slave flip counters, code converters; horizontal and vertical microprogramming Introduces Multibus organization, memory addressing and memory technology Expanded discussion on pipelining, parallelism, and Amdahl's law  Over 150 new multiple choice questions and updated exercise problems Anemphasisontundamentals 2 Ptesentalionoflatestmethodologiesandltechnology GDMPVTER E4RSQN Welwiftenanderoriieeprogrammingcodes 1 TEXTBOOKS PROMISE Selfexplanaloyllowchansydiagramstandalgorithms 2 Cargenumberdlsolvedexamplesandpracliceproblens forbetterumplementalion MRP Inclisive 2799.00 pfall Taxes in pearson:com" ISBN 978-93-325-8560- Online reuouraog avellable at MVI peareonod co Inummorriemano Thls edlllon [u manulacturad In Indla arid Israuthorlzad lr sale only FI IPearsonIN [ri Indla, BBrgladeeh.Bhzlan. Paklslan, Napal, Sr Lanka and tio Malalya:: 9ll7 8953.21585607 flop;
2026-01-07 19:24:28 | BookOCR |    INFO | info:60 | Information extraction completed
2026-01-07 19:24:28 | BookOCR |   DEBUG | debug:55 | Extracted fields | Context: {"fields": {"title": "i REVISED THIRD EDITION Conputer Systend \"Architectel AMonE Maho 6RF 3a58 Bearson presents themuch-awaitedtev eo onoflits pioreerititley \"'@nComputer System ArchitecturebbyMous Mano} #ip Tistevsed(extscpreadecross fifteenchapterswthsubstantialupdates toincludethelatesd developmentsin theeld ghguirsteightchapters olithe bookocusesonthehardware desig an) computegorganizatonsWhiletheremaininggevenchaplerSintroducesthe-tunctionalunitsordigilal @ompued UhepedagogyoltiebookhasbeenenancedtoenableuheleamerSinassessingued; understandingofconcepts @eplanfonthisevisededitionhasbeenihorougnirevewedbyemientiaculiesonvarious fednca) uiversitiesaciossthecountrandueirunpushavebeen incorporated tochancethecontents: NEW AND ENRICHED FEATURES Chapters on Introduction to architecture and Peripheral devices Sections on master-slave flip counters, code converters; horizontal and vertical microprogramming Introduces Multibus organization, memory addressing and memory technology Expanded discussion on pipelining, parallelism, and Amdahl's law  Over 150 new multiple choice questions and updated exercise problems Anemphasisontundamentals 2 Ptesentalionoflatestmethodologiesandltechnology GDMPVTER E4RSQN Welwiftenanderoriieeprogrammingcodes 1 TEXTBOOKS PROMISE Selfexplanaloyllowchansydiagramstandalgorithms 2 Cargenumberdlsolvedexamplesandpracliceproblens forbetterumplementalion MRP Inclisive 2799.00 pfall Taxes in pearson:com\" ISBN 978-93-325-8560- Online reuouraog avellable at MVI peareonod co Inummorriemano Thls edlllon [u manulacturad In Indla arid Israuthorlzad lr sale only FI IPearsonIN [ri Indla, BBrgladeeh.Bhzlan. Paklslan, Napal, Sr Lanka and tio Malalya:: 9ll7 8953.21585607 flop;"}}
2026-01-07 19:24:28 | BookOCR |    INFO | info:60 | ================================================================================
2026-01-07 19:24:28 | BookOCR |    INFO | info:60 | Extraction completed for: E:\book-ocr-model\data\input\img59.jpg
2026-01-07 19:24:28 | BookOCR |    INFO | info:60 | Fields extracted: ['title', 'raw_text', 'confidence']
2026-01-07 19:24:28 | BookOCR |    INFO | info:60 |   title: i REVISED THIRD EDITION Conputer Systend "Architectel AMonE Maho 6RF 3a58 Bearson presents themuch-awaitedtev eo onoflits pioreerititley "'@nComputer System ArchitecturebbyMous Mano} #ip Tistevsed(extscpreadecross fifteenchapterswthsubstantialupdates toincludethelatesd developmentsin theeld ghguirsteightchapters olithe bookocusesonthehardware desig an) computegorganizatonsWhiletheremaininggevenchaplerSintroducesthe-tunctionalunitsordigilal @ompued UhepedagogyoltiebookhasbeenenancedtoenableuheleamerSinassessingued; understandingofconcepts @eplanfonthisevisededitionhasbeenihorougnirevewedbyemientiaculiesonvarious fednca) uiversitiesaciossthecountrandueirunpushavebeen incorporated tochancethecontents: NEW AND ENRICHED FEATURES Chapters on Introduction to architecture and Peripheral devices Sections on master-slave flip counters, code converters; horizontal and vertical microprogramming Introduces Multibus organization, memory addressing and memory technology Expanded discussion on pipelining, parallelism, and Amdahl's law  Over 150 new multiple choice questions and updated exercise problems Anemphasisontundamentals 2 Ptesentalionoflatestmethodologiesandltechnology GDMPVTER E4RSQN Welwiftenanderoriieeprogrammingcodes 1 TEXTBOOKS PROMISE Selfexplanaloyllowchansydiagramstandalgorithms 2 Cargenumberdlsolvedexamplesandpracliceproblens forbetterumplementalion MRP Inclisive 2799.00 pfall Taxes in pearson:com" ISBN 978-93-325-8560- Online reuouraog avellable at MVI peareonod co Inummorriemano Thls edlllon [u manulacturad In Indla arid Israuthorlzad lr sale only FI IPearsonIN [ri Indla, BBrgladeeh.Bhzlan. Paklslan, Napal, Sr Lanka and tio Malalya:: 9ll7 8953.21585607 flop;
2026-01-07 19:24:28 | BookOCR |    INFO | info:60 |   raw_text: i REVISED THIRD EDITION Conputer Systend "Architectel AMonE Maho 6RF 3a58 Bearson presents themuch-awaitedtev eo onoflits pioreerititley "'@nComputer System ArchitecturebbyMous Mano} #ip Tistevsed(extscpreadecross fifteenchapterswthsubstantialupdates toincludethelatesd developmentsin theeld ghguirsteightchapters olithe bookocusesonthehardware desig an) computegorganizatonsWhiletheremaininggevenchaplerSintroducesthe-tunctionalunitsordigilal @ompued UhepedagogyoltiebookhasbeenenancedtoenableuheleamerSinassessingued; understandingofconcepts @eplanfonthisevisededitionhasbeenihorougnirevewedbyemientiaculiesonvarious fednca) uiversitiesaciossthecountrandueirunpushavebeen incorporated tochancethecontents: NEW AND ENRICHED FEATURES Chapters on Introduction to architecture and Peripheral devices Sections on master-slave flip counters, code converters; horizontal and vertical microprogramming Introduces Multibus organization, memory addressing and memory technology Expanded discussion on pipelining, parallelism, and Amdahl's law  Over 150 new multiple choice questions and updated exercise problems Anemphasisontundamentals 2 Ptesentalionoflatestmethodologiesandltechnology GDMPVTER E4RSQN Welwiftenanderoriieeprogrammingcodes 1 TEXTBOOKS PROMISE Selfexplanaloyllowchansydiagramstandalgorithms 2 Cargenumberdlsolvedexamplesandpracliceproblens forbetterumplementalion MRP Inclisive 2799.00 pfall Taxes in pearson:com" ISBN 978-93-325-8560- Online reuouraog avellable at MVI peareonod co Inummorriemano Thls edlllon [u manulacturad In Indla arid Israuthorlzad lr sale only FI IPearsonIN [ri Indla, BBrgladeeh.Bhzlan. Paklslan, Napal, Sr Lanka and tio Malalya:: 9ll7 8953.21585607 flop;
2026-01-07 19:24:28 | BookOCR |    INFO | info:60 |   confidence: 0.4884937714094425
2026-01-07 19:24:28 | BookOCR |    INFO | info:60 | ================================================================================
2026-01-07 19:24:28 | BookOCR |    INFO | info:60 | Processing image 24/30
2026-01-07 19:24:28 | BookOCR |    INFO | info:60 | ================================================================================
2026-01-07 19:24:28 | BookOCR |    INFO | info:60 | Processing book image: E:\book-ocr-model\data\input\img59.jpg
2026-01-07 19:24:28 | BookOCR |    INFO | info:60 | ================================================================================
2026-01-07 19:24:28 | BookOCR |    INFO | info:60 | Step 1/3: Preprocessing image
2026-01-07 19:24:28 | BookOCR |    INFO | info:60 | Preprocessing image: E:\book-ocr-model\data\input\img59.jpg
2026-01-07 19:24:28 | BookOCR |   DEBUG | debug:55 | Original image loaded | Context: {"shape": [1863, 1260, 3], "dtype": "uint8"}
2026-01-07 19:24:28 | BookOCR |   DEBUG | debug:55 | Converted to grayscale
2026-01-07 19:24:29 | BookOCR |   DEBUG | debug:55 | Applied denoising
2026-01-07 19:24:29 | BookOCR |   DEBUG | debug:55 | Applied adaptive thresholding
2026-01-07 19:24:29 | BookOCR |   DEBUG | debug:55 | Saved processed image to: E:\book-ocr-model\data\processed\img59.jpg
2026-01-07 19:24:29 | BookOCR |    INFO | info:60 | Image preprocessing completed successfully
2026-01-07 19:24:29 | BookOCR |    INFO | info:60 | Step 2/3: Performing OCR
2026-01-07 19:24:29 | BookOCR |    INFO | info:60 | Starting EasyOCR extraction
2026-01-07 19:24:46 | BookOCR |    INFO | info:60 | EasyOCR completed | {"text_length": 1689, "confidence": "0.49"}
2026-01-07 19:24:46 | BookOCR |    INFO | info:60 | Step 3/3: Extracting information
2026-01-07 19:24:46 | BookOCR |    INFO | info:60 | Startin information extraction
2026-01-07 19:24:46 | BookOCR |   DEBUG | debug:55 | Input text preview | Context: {"preview": "i REVISED THIRD EDITION Conputer Systend \"Architectel AMonE Maho 6RF 3a58 Bearson presents themuch-awaitedtev eo onoflits pioreerititley \"'@nComputer System ArchitecturebbyMous Mano} #ip Tistevsed(ext..."}
2026-01-07 19:24:46 | BookOCR |   DEBUG | debug:55 | Extracted title: i REVISED THIRD EDITION Conputer Systend "Architectel AMonE Maho 6RF 3a58 Bearson presents themuch-awaitedtev eo onoflits pioreerititley "'@nComputer System ArchitecturebbyMous Mano} #ip Tistevsed(extscpreadecross fifteenchapterswthsubstantialupdates toincludethelatesd developmentsin theeld ghguirsteightchapters olithe bookocusesonthehardware desig an) computegorganizatonsWhiletheremaininggevenchaplerSintroducesthe-tunctionalunitsordigilal @ompued UhepedagogyoltiebookhasbeenenancedtoenableuheleamerSinassessingued; understandingofconcepts @eplanfonthisevisededitionhasbeenihorougnirevewedbyemientiaculiesonvarious fednca) uiversitiesaciossthecountrandueirunpushavebeen incorporated tochancethecontents: NEW AND ENRICHED FEATURES Chapters on Introduction to architecture and Peripheral devices Sections on master-slave flip counters, code converters; horizontal and vertical microprogramming Introduces Multibus organization, memory addressing and memory technology Expanded discussion on pipelining, parallelism, and Amdahl's law  Over 150 new multiple choice questions and updated exercise problems Anemphasisontundamentals 2 Ptesentalionoflatestmethodologiesandltechnology GDMPVTER E4RSQN Welwiftenanderoriieeprogrammingcodes 1 TEXTBOOKS PROMISE Selfexplanaloyllowchansydiagramstandalgorithms 2 Cargenumberdlsolvedexamplesandpracliceproblens forbetterumplementalion MRP Inclisive 2799.00 pfall Taxes in pearson:com" ISBN 978-93-325-8560- Online reuouraog avellable at MVI peareonod co Inummorriemano Thls edlllon [u manulacturad In Indla arid Israuthorlzad lr sale only FI IPearsonIN [ri Indla, BBrgladeeh.Bhzlan. Paklslan, Napal, Sr Lanka and tio Malalya:: 9ll7 8953.21585607 flop;
2026-01-07 19:24:46 | BookOCR |    INFO | info:60 | Information extraction completed
2026-01-07 19:24:46 | BookOCR |   DEBUG | debug:55 | Extracted fields | Context: {"fields": {"title": "i REVISED THIRD EDITION Conputer Systend \"Architectel AMonE Maho 6RF 3a58 Bearson presents themuch-awaitedtev eo onoflits pioreerititley \"'@nComputer System ArchitecturebbyMous Mano} #ip Tistevsed(extscpreadecross fifteenchapterswthsubstantialupdates toincludethelatesd developmentsin theeld ghguirsteightchapters olithe bookocusesonthehardware desig an) computegorganizatonsWhiletheremaininggevenchaplerSintroducesthe-tunctionalunitsordigilal @ompued UhepedagogyoltiebookhasbeenenancedtoenableuheleamerSinassessingued; understandingofconcepts @eplanfonthisevisededitionhasbeenihorougnirevewedbyemientiaculiesonvarious fednca) uiversitiesaciossthecountrandueirunpushavebeen incorporated tochancethecontents: NEW AND ENRICHED FEATURES Chapters on Introduction to architecture and Peripheral devices Sections on master-slave flip counters, code converters; horizontal and vertical microprogramming Introduces Multibus organization, memory addressing and memory technology Expanded discussion on pipelining, parallelism, and Amdahl's law  Over 150 new multiple choice questions and updated exercise problems Anemphasisontundamentals 2 Ptesentalionoflatestmethodologiesandltechnology GDMPVTER E4RSQN Welwiftenanderoriieeprogrammingcodes 1 TEXTBOOKS PROMISE Selfexplanaloyllowchansydiagramstandalgorithms 2 Cargenumberdlsolvedexamplesandpracliceproblens forbetterumplementalion MRP Inclisive 2799.00 pfall Taxes in pearson:com\" ISBN 978-93-325-8560- Online reuouraog avellable at MVI peareonod co Inummorriemano Thls edlllon [u manulacturad In Indla arid Israuthorlzad lr sale only FI IPearsonIN [ri Indla, BBrgladeeh.Bhzlan. Paklslan, Napal, Sr Lanka and tio Malalya:: 9ll7 8953.21585607 flop;"}}
2026-01-07 19:24:46 | BookOCR |    INFO | info:60 | ================================================================================
2026-01-07 19:24:46 | BookOCR |    INFO | info:60 | Extraction completed for: E:\book-ocr-model\data\input\img59.jpg
2026-01-07 19:24:46 | BookOCR |    INFO | info:60 | Fields extracted: ['title', 'raw_text', 'confidence']
2026-01-07 19:24:46 | BookOCR |    INFO | info:60 |   title: i REVISED THIRD EDITION Conputer Systend "Architectel AMonE Maho 6RF 3a58 Bearson presents themuch-awaitedtev eo onoflits pioreerititley "'@nComputer System ArchitecturebbyMous Mano} #ip Tistevsed(extscpreadecross fifteenchapterswthsubstantialupdates toincludethelatesd developmentsin theeld ghguirsteightchapters olithe bookocusesonthehardware desig an) computegorganizatonsWhiletheremaininggevenchaplerSintroducesthe-tunctionalunitsordigilal @ompued UhepedagogyoltiebookhasbeenenancedtoenableuheleamerSinassessingued; understandingofconcepts @eplanfonthisevisededitionhasbeenihorougnirevewedbyemientiaculiesonvarious fednca) uiversitiesaciossthecountrandueirunpushavebeen incorporated tochancethecontents: NEW AND ENRICHED FEATURES Chapters on Introduction to architecture and Peripheral devices Sections on master-slave flip counters, code converters; horizontal and vertical microprogramming Introduces Multibus organization, memory addressing and memory technology Expanded discussion on pipelining, parallelism, and Amdahl's law  Over 150 new multiple choice questions and updated exercise problems Anemphasisontundamentals 2 Ptesentalionoflatestmethodologiesandltechnology GDMPVTER E4RSQN Welwiftenanderoriieeprogrammingcodes 1 TEXTBOOKS PROMISE Selfexplanaloyllowchansydiagramstandalgorithms 2 Cargenumberdlsolvedexamplesandpracliceproblens forbetterumplementalion MRP Inclisive 2799.00 pfall Taxes in pearson:com" ISBN 978-93-325-8560- Online reuouraog avellable at MVI peareonod co Inummorriemano Thls edlllon [u manulacturad In Indla arid Israuthorlzad lr sale only FI IPearsonIN [ri Indla, BBrgladeeh.Bhzlan. Paklslan, Napal, Sr Lanka and tio Malalya:: 9ll7 8953.21585607 flop;
2026-01-07 19:24:46 | BookOCR |    INFO | info:60 |   raw_text: i REVISED THIRD EDITION Conputer Systend "Architectel AMonE Maho 6RF 3a58 Bearson presents themuch-awaitedtev eo onoflits pioreerititley "'@nComputer System ArchitecturebbyMous Mano} #ip Tistevsed(extscpreadecross fifteenchapterswthsubstantialupdates toincludethelatesd developmentsin theeld ghguirsteightchapters olithe bookocusesonthehardware desig an) computegorganizatonsWhiletheremaininggevenchaplerSintroducesthe-tunctionalunitsordigilal @ompued UhepedagogyoltiebookhasbeenenancedtoenableuheleamerSinassessingued; understandingofconcepts @eplanfonthisevisededitionhasbeenihorougnirevewedbyemientiaculiesonvarious fednca) uiversitiesaciossthecountrandueirunpushavebeen incorporated tochancethecontents: NEW AND ENRICHED FEATURES Chapters on Introduction to architecture and Peripheral devices Sections on master-slave flip counters, code converters; horizontal and vertical microprogramming Introduces Multibus organization, memory addressing and memory technology Expanded discussion on pipelining, parallelism, and Amdahl's law  Over 150 new multiple choice questions and updated exercise problems Anemphasisontundamentals 2 Ptesentalionoflatestmethodologiesandltechnology GDMPVTER E4RSQN Welwiftenanderoriieeprogrammingcodes 1 TEXTBOOKS PROMISE Selfexplanaloyllowchansydiagramstandalgorithms 2 Cargenumberdlsolvedexamplesandpracliceproblens forbetterumplementalion MRP Inclisive 2799.00 pfall Taxes in pearson:com" ISBN 978-93-325-8560- Online reuouraog avellable at MVI peareonod co Inummorriemano Thls edlllon [u manulacturad In Indla arid Israuthorlzad lr sale only FI IPearsonIN [ri Indla, BBrgladeeh.Bhzlan. Paklslan, Napal, Sr Lanka and tio Malalya:: 9ll7 8953.21585607 flop;
2026-01-07 19:24:46 | BookOCR |    INFO | info:60 |   confidence: 0.4884937714094425
2026-01-07 19:24:46 | BookOCR |    INFO | info:60 | ================================================================================
2026-01-07 19:24:46 | BookOCR |    INFO | info:60 | Processing image 25/30
2026-01-07 19:24:46 | BookOCR |    INFO | info:60 | ================================================================================
2026-01-07 19:24:46 | BookOCR |    INFO | info:60 | Processing book image: E:\book-ocr-model\data\input\img60.jpg
2026-01-07 19:24:46 | BookOCR |    INFO | info:60 | ================================================================================
2026-01-07 19:24:46 | BookOCR |    INFO | info:60 | Step 1/3: Preprocessing image
2026-01-07 19:24:46 | BookOCR |    INFO | info:60 | Preprocessing image: E:\book-ocr-model\data\input\img60.jpg
2026-01-07 19:24:46 | BookOCR |   DEBUG | debug:55 | Original image loaded | Context: {"shape": [1681, 1260, 3], "dtype": "uint8"}
2026-01-07 19:24:46 | BookOCR |   DEBUG | debug:55 | Converted to grayscale
2026-01-07 19:24:46 | BookOCR |   DEBUG | debug:55 | Applied denoising
2026-01-07 19:24:46 | BookOCR |   DEBUG | debug:55 | Applied adaptive thresholding
2026-01-07 19:24:47 | BookOCR |   DEBUG | debug:55 | Deskewed image by -90.00 degrees
2026-01-07 19:24:47 | BookOCR |   DEBUG | debug:55 | Saved processed image to: E:\book-ocr-model\data\processed\img60.jpg
2026-01-07 19:24:47 | BookOCR |    INFO | info:60 | Image preprocessing completed successfully
2026-01-07 19:24:47 | BookOCR |    INFO | info:60 | Step 2/3: Performing OCR
2026-01-07 19:24:47 | BookOCR |    INFO | info:60 | Starting EasyOCR extraction
2026-01-07 19:24:56 | BookOCR |    INFO | info:60 | EasyOCR completed | {"text_length": 12, "confidence": "0.16"}
2026-01-07 19:24:56 | BookOCR |    INFO | info:60 | Step 3/3: Extracting information
2026-01-07 19:24:56 | BookOCR |    INFO | info:60 | Startin information extraction
2026-01-07 19:24:56 | BookOCR |   DEBUG | debug:55 | Input text preview | Context: {"preview": "3 9 #& { I 5"}
2026-01-07 19:24:56 | BookOCR |   DEBUG | debug:55 | Extracted title: 3 9 #& { I 5
2026-01-07 19:24:56 | BookOCR |    INFO | info:60 | Information extraction completed
2026-01-07 19:24:56 | BookOCR |   DEBUG | debug:55 | Extracted fields | Context: {"fields": {"title": "3 9 #& { I 5"}}
2026-01-07 19:24:56 | BookOCR |    INFO | info:60 | ================================================================================
2026-01-07 19:24:56 | BookOCR |    INFO | info:60 | Extraction completed for: E:\book-ocr-model\data\input\img60.jpg
2026-01-07 19:24:56 | BookOCR |    INFO | info:60 | Fields extracted: ['title', 'raw_text', 'confidence']
2026-01-07 19:24:56 | BookOCR |    INFO | info:60 |   title: 3 9 #& { I 5
2026-01-07 19:24:56 | BookOCR |    INFO | info:60 |   raw_text: 3 9 #& { I 5
2026-01-07 19:24:56 | BookOCR |    INFO | info:60 |   confidence: 0.1584726924648416
2026-01-07 19:24:56 | BookOCR |    INFO | info:60 | ================================================================================
2026-01-07 19:24:56 | BookOCR |    INFO | info:60 | Processing image 26/30
2026-01-07 19:24:56 | BookOCR |    INFO | info:60 | ================================================================================
2026-01-07 19:24:56 | BookOCR |    INFO | info:60 | Processing book image: E:\book-ocr-model\data\input\img60.jpg
2026-01-07 19:24:56 | BookOCR |    INFO | info:60 | ================================================================================
2026-01-07 19:24:56 | BookOCR |    INFO | info:60 | Step 1/3: Preprocessing image
2026-01-07 19:24:56 | BookOCR |    INFO | info:60 | Preprocessing image: E:\book-ocr-model\data\input\img60.jpg
2026-01-07 19:24:56 | BookOCR |   DEBUG | debug:55 | Original image loaded | Context: {"shape": [1681, 1260, 3], "dtype": "uint8"}
2026-01-07 19:24:56 | BookOCR |   DEBUG | debug:55 | Converted to grayscale
2026-01-07 19:24:56 | BookOCR |   DEBUG | debug:55 | Applied denoising
2026-01-07 19:24:56 | BookOCR |   DEBUG | debug:55 | Applied adaptive thresholding
2026-01-07 19:24:57 | BookOCR |   DEBUG | debug:55 | Deskewed image by -90.00 degrees
2026-01-07 19:24:57 | BookOCR |   DEBUG | debug:55 | Saved processed image to: E:\book-ocr-model\data\processed\img60.jpg
2026-01-07 19:24:57 | BookOCR |    INFO | info:60 | Image preprocessing completed successfully
2026-01-07 19:24:57 | BookOCR |    INFO | info:60 | Step 2/3: Performing OCR
2026-01-07 19:24:57 | BookOCR |    INFO | info:60 | Starting EasyOCR extraction
2026-01-07 19:25:06 | BookOCR |    INFO | info:60 | EasyOCR completed | {"text_length": 12, "confidence": "0.16"}
2026-01-07 19:25:06 | BookOCR |    INFO | info:60 | Step 3/3: Extracting information
2026-01-07 19:25:06 | BookOCR |    INFO | info:60 | Startin information extraction
2026-01-07 19:25:06 | BookOCR |   DEBUG | debug:55 | Input text preview | Context: {"preview": "3 9 #& { I 5"}
2026-01-07 19:25:06 | BookOCR |   DEBUG | debug:55 | Extracted title: 3 9 #& { I 5
2026-01-07 19:25:06 | BookOCR |    INFO | info:60 | Information extraction completed
2026-01-07 19:25:06 | BookOCR |   DEBUG | debug:55 | Extracted fields | Context: {"fields": {"title": "3 9 #& { I 5"}}
2026-01-07 19:25:06 | BookOCR |    INFO | info:60 | ================================================================================
2026-01-07 19:25:06 | BookOCR |    INFO | info:60 | Extraction completed for: E:\book-ocr-model\data\input\img60.jpg
2026-01-07 19:25:06 | BookOCR |    INFO | info:60 | Fields extracted: ['title', 'raw_text', 'confidence']
2026-01-07 19:25:06 | BookOCR |    INFO | info:60 |   title: 3 9 #& { I 5
2026-01-07 19:25:06 | BookOCR |    INFO | info:60 |   raw_text: 3 9 #& { I 5
2026-01-07 19:25:06 | BookOCR |    INFO | info:60 |   confidence: 0.1584726924648416
2026-01-07 19:25:06 | BookOCR |    INFO | info:60 | ================================================================================
2026-01-07 19:25:06 | BookOCR |    INFO | info:60 | Processing image 27/30
2026-01-07 19:25:06 | BookOCR |    INFO | info:60 | ================================================================================
2026-01-07 19:25:06 | BookOCR |    INFO | info:60 | Processing book image: E:\book-ocr-model\data\input\img61.jpg
2026-01-07 19:25:06 | BookOCR |    INFO | info:60 | ================================================================================
2026-01-07 19:25:06 | BookOCR |    INFO | info:60 | Step 1/3: Preprocessing image
2026-01-07 19:25:06 | BookOCR |    INFO | info:60 | Preprocessing image: E:\book-ocr-model\data\input\img61.jpg
2026-01-07 19:25:06 | BookOCR |   DEBUG | debug:55 | Original image loaded | Context: {"shape": [2800, 383, 3], "dtype": "uint8"}
2026-01-07 19:25:06 | BookOCR |   DEBUG | debug:55 | Converted to grayscale
2026-01-07 19:25:07 | BookOCR |   DEBUG | debug:55 | Applied denoising
2026-01-07 19:25:07 | BookOCR |   DEBUG | debug:55 | Applied adaptive thresholding
2026-01-07 19:25:07 | BookOCR |   DEBUG | debug:55 | Deskewed image by -90.00 degrees
2026-01-07 19:25:07 | BookOCR |   DEBUG | debug:55 | Saved processed image to: E:\book-ocr-model\data\processed\img61.jpg
2026-01-07 19:25:07 | BookOCR |    INFO | info:60 | Image preprocessing completed successfully
2026-01-07 19:25:07 | BookOCR |    INFO | info:60 | Step 2/3: Performing OCR
2026-01-07 19:25:07 | BookOCR |    INFO | info:60 | Starting EasyOCR extraction
2026-01-07 19:25:11 | BookOCR |    INFO | info:60 | EasyOCR completed | {"text_length": 10, "confidence": "0.08"}
2026-01-07 19:25:11 | BookOCR |    INFO | info:60 | Step 3/3: Extracting information
2026-01-07 19:25:11 | BookOCR |    INFO | info:60 | Startin information extraction
2026-01-07 19:25:11 | BookOCR |   DEBUG | debug:55 | Input text preview | Context: {"preview": "VI-Jtnjoj:"}
2026-01-07 19:25:11 | BookOCR |   DEBUG | debug:55 | Extracted title: VI-Jtnjoj:
2026-01-07 19:25:11 | BookOCR |    INFO | info:60 | Information extraction completed
2026-01-07 19:25:11 | BookOCR |   DEBUG | debug:55 | Extracted fields | Context: {"fields": {"title": "VI-Jtnjoj:"}}
2026-01-07 19:25:11 | BookOCR |    INFO | info:60 | ================================================================================
2026-01-07 19:25:11 | BookOCR |    INFO | info:60 | Extraction completed for: E:\book-ocr-model\data\input\img61.jpg
2026-01-07 19:25:11 | BookOCR |    INFO | info:60 | Fields extracted: ['title', 'raw_text', 'confidence']
2026-01-07 19:25:11 | BookOCR |    INFO | info:60 |   title: VI-Jtnjoj:
2026-01-07 19:25:11 | BookOCR |    INFO | info:60 |   raw_text: VI-Jtnjoj:
2026-01-07 19:25:11 | BookOCR |    INFO | info:60 |   confidence: 0.0774340774165323
2026-01-07 19:25:11 | BookOCR |    INFO | info:60 | ================================================================================
2026-01-07 19:25:11 | BookOCR |    INFO | info:60 | Processing image 28/30
2026-01-07 19:25:11 | BookOCR |    INFO | info:60 | ================================================================================
2026-01-07 19:25:11 | BookOCR |    INFO | info:60 | Processing book image: E:\book-ocr-model\data\input\img61.jpg
2026-01-07 19:25:11 | BookOCR |    INFO | info:60 | ================================================================================
2026-01-07 19:25:11 | BookOCR |    INFO | info:60 | Step 1/3: Preprocessing image
2026-01-07 19:25:11 | BookOCR |    INFO | info:60 | Preprocessing image: E:\book-ocr-model\data\input\img61.jpg
2026-01-07 19:25:11 | BookOCR |   DEBUG | debug:55 | Original image loaded | Context: {"shape": [2800, 383, 3], "dtype": "uint8"}
2026-01-07 19:25:11 | BookOCR |   DEBUG | debug:55 | Converted to grayscale
2026-01-07 19:25:11 | BookOCR |   DEBUG | debug:55 | Applied denoising
2026-01-07 19:25:11 | BookOCR |   DEBUG | debug:55 | Applied adaptive thresholding
2026-01-07 19:25:11 | BookOCR |   DEBUG | debug:55 | Deskewed image by -90.00 degrees
2026-01-07 19:25:11 | BookOCR |   DEBUG | debug:55 | Saved processed image to: E:\book-ocr-model\data\processed\img61.jpg
2026-01-07 19:25:11 | BookOCR |    INFO | info:60 | Image preprocessing completed successfully
2026-01-07 19:25:11 | BookOCR |    INFO | info:60 | Step 2/3: Performing OCR
2026-01-07 19:25:11 | BookOCR |    INFO | info:60 | Starting EasyOCR extraction
2026-01-07 19:25:15 | BookOCR |    INFO | info:60 | EasyOCR completed | {"text_length": 10, "confidence": "0.08"}
2026-01-07 19:25:15 | BookOCR |    INFO | info:60 | Step 3/3: Extracting information
2026-01-07 19:25:15 | BookOCR |    INFO | info:60 | Startin information extraction
2026-01-07 19:25:15 | BookOCR |   DEBUG | debug:55 | Input text preview | Context: {"preview": "VI-Jtnjoj:"}
2026-01-07 19:25:15 | BookOCR |   DEBUG | debug:55 | Extracted title: VI-Jtnjoj:
2026-01-07 19:25:15 | BookOCR |    INFO | info:60 | Information extraction completed
2026-01-07 19:25:15 | BookOCR |   DEBUG | debug:55 | Extracted fields | Context: {"fields": {"title": "VI-Jtnjoj:"}}
2026-01-07 19:25:15 | BookOCR |    INFO | info:60 | ================================================================================
2026-01-07 19:25:15 | BookOCR |    INFO | info:60 | Extraction completed for: E:\book-ocr-model\data\input\img61.jpg
2026-01-07 19:25:15 | BookOCR |    INFO | info:60 | Fields extracted: ['title', 'raw_text', 'confidence']
2026-01-07 19:25:15 | BookOCR |    INFO | info:60 |   title: VI-Jtnjoj:
2026-01-07 19:25:15 | BookOCR |    INFO | info:60 |   raw_text: VI-Jtnjoj:
2026-01-07 19:25:15 | BookOCR |    INFO | info:60 |   confidence: 0.0774340774165323
2026-01-07 19:25:15 | BookOCR |    INFO | info:60 | ================================================================================
2026-01-07 19:25:15 | BookOCR |    INFO | info:60 | Processing image 29/30
2026-01-07 19:25:15 | BookOCR |    INFO | info:60 | ================================================================================
2026-01-07 19:25:15 | BookOCR |    INFO | info:60 | Processing book image: E:\book-ocr-model\data\input\img62.jpg
2026-01-07 19:25:15 | BookOCR |    INFO | info:60 | ================================================================================
2026-01-07 19:25:15 | BookOCR |    INFO | info:60 | Step 1/3: Preprocessing image
2026-01-07 19:25:15 | BookOCR |    INFO | info:60 | Preprocessing image: E:\book-ocr-model\data\input\img62.jpg
2026-01-07 19:25:15 | BookOCR |   DEBUG | debug:55 | Original image loaded | Context: {"shape": [1755, 1260, 3], "dtype": "uint8"}
2026-01-07 19:25:15 | BookOCR |   DEBUG | debug:55 | Converted to grayscale
2026-01-07 19:25:16 | BookOCR |   DEBUG | debug:55 | Applied denoising
2026-01-07 19:25:16 | BookOCR |   DEBUG | debug:55 | Applied adaptive thresholding
2026-01-07 19:25:16 | BookOCR |   DEBUG | debug:55 | Saved processed image to: E:\book-ocr-model\data\processed\img62.jpg
2026-01-07 19:25:16 | BookOCR |    INFO | info:60 | Image preprocessing completed successfully
2026-01-07 19:25:16 | BookOCR |    INFO | info:60 | Step 2/3: Performing OCR
2026-01-07 19:25:16 | BookOCR |    INFO | info:60 | Starting EasyOCR extraction
2026-01-07 19:25:33 | BookOCR |    INFO | info:60 | EasyOCR completed | {"text_length": 2086, "confidence": "0.64"}
2026-01-07 19:25:33 | BookOCR |    INFO | info:60 | Step 3/3: Extracting information
2026-01-07 19:25:33 | BookOCR |    INFO | info:60 | Startin information extraction
2026-01-07 19:25:33 | BookOCR |   DEBUG | debug:55 | Input text preview | Context: {"preview": "enginzzring MATZEMATICS Volume - TILA AboubtheBook This textbook has been written according to the new revised syllabus of AICTE which includes the syllabus of Maulana Abul Kalam Azad University of Te..."}
2026-01-07 19:25:33 | BookOCR |   DEBUG | debug:55 | Extracted title: enginzzring MATZEMATICS Volume - TILA AboubtheBook This textbook has been written according to the new revised syllabus of AICTE which includes the syllabus of Maulana Abul Kalam Azad University of Technology (Formerly West Bengal University of Technology) as well as other Universities/Institutes for the second year (third semester) CSE & IT students (t consists of nine chapters with various types of problems along with worked out examples which are essential to the Engineering Technological students This book can also be treated as a supplementary book for BEIB Tech students of other Universi- ties/institutions: Multiple choice questions with answers have been provided in this textbook which will be helpful for GATE and other competitive examinations: Salient Features? Concise coverage of latest syllabus ofAICTEIMAKAUT for the secondyear (third semester) CSE & IT students This book offersa course in Mathematics consists of the topics; Sequence and Series ii. Function ofseveral variables in R2 iii. Concept of doubleand triple integral and vector calculus 044 iv ODEin Ist and 2nd order V: Basic conceptof Graph theoryand Tree Emphasis on matheratical clarity and problem-solving techniques Each topicis discussed in an easier way: Self-contained presentation: Special illumination on diagrams: Numerous solved examples: Multiple choice questions with answers Several number of exercises About the Author Anln Dr: Guruprasad Samanta gothis MSc: and Ph,D. in Applied Mathematics from Calcutta University in 1985and 1991 respectively Heis now working as Professor (HAG) in the Departmentof Mathe- matics, Indian Institute of Engineering Science and Technology Shibpur; Howrah, India. His areas of research are Mathematical Biology and Operations Research: He is a member of the National Academy of Sciences, India: He gotthe degreeof DSc:in 2022. APH 588.388 (SBN 9788194452560 Bookis alsoavailable aqazon ARYANPOBLISHINGHOUSB 181/8}cCanal}' Suect (Ghzcehhumi) Kolkata{700018 788194 '452560 ) Mobs; 08300776487063132836} Emwl nryonhouse@yuhoo com WWtarvannwhlishinghomsacom
2026-01-07 19:25:33 | BookOCR |    INFO | info:60 | Information extraction completed
2026-01-07 19:25:33 | BookOCR |   DEBUG | debug:55 | Extracted fields | Context: {"fields": {"title": "enginzzring MATZEMATICS Volume - TILA AboubtheBook This textbook has been written according to the new revised syllabus of AICTE which includes the syllabus of Maulana Abul Kalam Azad University of Technology (Formerly West Bengal University of Technology) as well as other Universities/Institutes for the second year (third semester) CSE & IT students (t consists of nine chapters with various types of problems along with worked out examples which are essential to the Engineering Technological students This book can also be treated as a supplementary book for BEIB Tech students of other Universi- ties/institutions: Multiple choice questions with answers have been provided in this textbook which will be helpful for GATE and other competitive examinations: Salient Features? Concise coverage of latest syllabus ofAICTEIMAKAUT for the secondyear (third semester) CSE & IT students This book offersa course in Mathematics consists of the topics; Sequence and Series ii. Function ofseveral variables in R2 iii. Concept of doubleand triple integral and vector calculus 044 iv ODEin Ist and 2nd order V: Basic conceptof Graph theoryand Tree Emphasis on matheratical clarity and problem-solving techniques Each topicis discussed in an easier way: Self-contained presentation: Special illumination on diagrams: Numerous solved examples: Multiple choice questions with answers Several number of exercises About the Author Anln Dr: Guruprasad Samanta gothis MSc: and Ph,D. in Applied Mathematics from Calcutta University in 1985and 1991 respectively Heis now working as Professor (HAG) in the Departmentof Mathe- matics, Indian Institute of Engineering Science and Technology Shibpur; Howrah, India. His areas of research are Mathematical Biology and Operations Research: He is a member of the National Academy of Sciences, India: He gotthe degreeof DSc:in 2022. APH 588.388 (SBN 9788194452560 Bookis alsoavailable aqazon ARYANPOBLISHINGHOUSB 181/8}cCanal}' Suect (Ghzcehhumi) Kolkata{700018 788194 '452560 ) Mobs; 08300776487063132836} Emwl nryonhouse@yuhoo com WWtarvannwhlishinghomsacom"}}
2026-01-07 19:25:33 | BookOCR |    INFO | info:60 | ================================================================================
2026-01-07 19:25:33 | BookOCR |    INFO | info:60 | Extraction completed for: E:\book-ocr-model\data\input\img62.jpg
2026-01-07 19:25:33 | BookOCR |    INFO | info:60 | Fields extracted: ['title', 'raw_text', 'confidence']
2026-01-07 19:25:33 | BookOCR |    INFO | info:60 |   title: enginzzring MATZEMATICS Volume - TILA AboubtheBook This textbook has been written according to the new revised syllabus of AICTE which includes the syllabus of Maulana Abul Kalam Azad University of Technology (Formerly West Bengal University of Technology) as well as other Universities/Institutes for the second year (third semester) CSE & IT students (t consists of nine chapters with various types of problems along with worked out examples which are essential to the Engineering Technological students This book can also be treated as a supplementary book for BEIB Tech students of other Universi- ties/institutions: Multiple choice questions with answers have been provided in this textbook which will be helpful for GATE and other competitive examinations: Salient Features? Concise coverage of latest syllabus ofAICTEIMAKAUT for the secondyear (third semester) CSE & IT students This book offersa course in Mathematics consists of the topics; Sequence and Series ii. Function ofseveral variables in R2 iii. Concept of doubleand triple integral and vector calculus 044 iv ODEin Ist and 2nd order V: Basic conceptof Graph theoryand Tree Emphasis on matheratical clarity and problem-solving techniques Each topicis discussed in an easier way: Self-contained presentation: Special illumination on diagrams: Numerous solved examples: Multiple choice questions with answers Several number of exercises About the Author Anln Dr: Guruprasad Samanta gothis MSc: and Ph,D. in Applied Mathematics from Calcutta University in 1985and 1991 respectively Heis now working as Professor (HAG) in the Departmentof Mathe- matics, Indian Institute of Engineering Science and Technology Shibpur; Howrah, India. His areas of research are Mathematical Biology and Operations Research: He is a member of the National Academy of Sciences, India: He gotthe degreeof DSc:in 2022. APH 588.388 (SBN 9788194452560 Bookis alsoavailable aqazon ARYANPOBLISHINGHOUSB 181/8}cCanal}' Suect (Ghzcehhumi) Kolkata{700018 788194 '452560 ) Mobs; 08300776487063132836} Emwl nryonhouse@yuhoo com WWtarvannwhlishinghomsacom
2026-01-07 19:25:33 | BookOCR |    INFO | info:60 |   raw_text: enginzzring MATZEMATICS Volume - TILA AboubtheBook This textbook has been written according to the new revised syllabus of AICTE which includes the syllabus of Maulana Abul Kalam Azad University of Technology (Formerly West Bengal University of Technology) as well as other Universities/Institutes for the second year (third semester) CSE & IT students (t consists of nine chapters with various types of problems along with worked out examples which are essential to the Engineering Technological students This book can also be treated as a supplementary book for BEIB Tech students of other Universi- ties/institutions: Multiple choice questions with answers have been provided in this textbook which will be helpful for GATE and other competitive examinations: Salient Features? Concise coverage of latest syllabus ofAICTEIMAKAUT for the secondyear (third semester) CSE & IT students This book offersa course in Mathematics consists of the topics; Sequence and Series ii. Function ofseveral variables in R2 iii. Concept of doubleand triple integral and vector calculus 044 iv ODEin Ist and 2nd order V: Basic conceptof Graph theoryand Tree Emphasis on matheratical clarity and problem-solving techniques Each topicis discussed in an easier way: Self-contained presentation: Special illumination on diagrams: Numerous solved examples: Multiple choice questions with answers Several number of exercises About the Author Anln Dr: Guruprasad Samanta gothis MSc: and Ph,D. in Applied Mathematics from Calcutta University in 1985and 1991 respectively Heis now working as Professor (HAG) in the Departmentof Mathe- matics, Indian Institute of Engineering Science and Technology Shibpur; Howrah, India. His areas of research are Mathematical Biology and Operations Research: He is a member of the National Academy of Sciences, India: He gotthe degreeof DSc:in 2022. APH 588.388 (SBN 9788194452560 Bookis alsoavailable aqazon ARYANPOBLISHINGHOUSB 181/8}cCanal}' Suect (Ghzcehhumi) Kolkata{700018 788194 '452560 ) Mobs; 08300776487063132836} Emwl nryonhouse@yuhoo com WWtarvannwhlishinghomsacom
2026-01-07 19:25:33 | BookOCR |    INFO | info:60 |   confidence: 0.6369075301481448
2026-01-07 19:25:33 | BookOCR |    INFO | info:60 | ================================================================================
2026-01-07 19:25:33 | BookOCR |    INFO | info:60 | Processing image 30/30
2026-01-07 19:25:33 | BookOCR |    INFO | info:60 | ================================================================================
2026-01-07 19:25:33 | BookOCR |    INFO | info:60 | Processing book image: E:\book-ocr-model\data\input\img62.jpg
2026-01-07 19:25:33 | BookOCR |    INFO | info:60 | ================================================================================
2026-01-07 19:25:33 | BookOCR |    INFO | info:60 | Step 1/3: Preprocessing image
2026-01-07 19:25:33 | BookOCR |    INFO | info:60 | Preprocessing image: E:\book-ocr-model\data\input\img62.jpg
2026-01-07 19:25:33 | BookOCR |   DEBUG | debug:55 | Original image loaded | Context: {"shape": [1755, 1260, 3], "dtype": "uint8"}
2026-01-07 19:25:33 | BookOCR |   DEBUG | debug:55 | Converted to grayscale
2026-01-07 19:25:34 | BookOCR |   DEBUG | debug:55 | Applied denoising
2026-01-07 19:25:34 | BookOCR |   DEBUG | debug:55 | Applied adaptive thresholding
2026-01-07 19:25:34 | BookOCR |   DEBUG | debug:55 | Saved processed image to: E:\book-ocr-model\data\processed\img62.jpg
2026-01-07 19:25:34 | BookOCR |    INFO | info:60 | Image preprocessing completed successfully
2026-01-07 19:25:34 | BookOCR |    INFO | info:60 | Step 2/3: Performing OCR
2026-01-07 19:25:34 | BookOCR |    INFO | info:60 | Starting EasyOCR extraction
2026-01-07 19:25:51 | BookOCR |    INFO | info:60 | EasyOCR completed | {"text_length": 2086, "confidence": "0.64"}
2026-01-07 19:25:51 | BookOCR |    INFO | info:60 | Step 3/3: Extracting information
2026-01-07 19:25:51 | BookOCR |    INFO | info:60 | Startin information extraction
2026-01-07 19:25:51 | BookOCR |   DEBUG | debug:55 | Input text preview | Context: {"preview": "enginzzring MATZEMATICS Volume - TILA AboubtheBook This textbook has been written according to the new revised syllabus of AICTE which includes the syllabus of Maulana Abul Kalam Azad University of Te..."}
2026-01-07 19:25:51 | BookOCR |   DEBUG | debug:55 | Extracted title: enginzzring MATZEMATICS Volume - TILA AboubtheBook This textbook has been written according to the new revised syllabus of AICTE which includes the syllabus of Maulana Abul Kalam Azad University of Technology (Formerly West Bengal University of Technology) as well as other Universities/Institutes for the second year (third semester) CSE & IT students (t consists of nine chapters with various types of problems along with worked out examples which are essential to the Engineering Technological students This book can also be treated as a supplementary book for BEIB Tech students of other Universi- ties/institutions: Multiple choice questions with answers have been provided in this textbook which will be helpful for GATE and other competitive examinations: Salient Features? Concise coverage of latest syllabus ofAICTEIMAKAUT for the secondyear (third semester) CSE & IT students This book offersa course in Mathematics consists of the topics; Sequence and Series ii. Function ofseveral variables in R2 iii. Concept of doubleand triple integral and vector calculus 044 iv ODEin Ist and 2nd order V: Basic conceptof Graph theoryand Tree Emphasis on matheratical clarity and problem-solving techniques Each topicis discussed in an easier way: Self-contained presentation: Special illumination on diagrams: Numerous solved examples: Multiple choice questions with answers Several number of exercises About the Author Anln Dr: Guruprasad Samanta gothis MSc: and Ph,D. in Applied Mathematics from Calcutta University in 1985and 1991 respectively Heis now working as Professor (HAG) in the Departmentof Mathe- matics, Indian Institute of Engineering Science and Technology Shibpur; Howrah, India. His areas of research are Mathematical Biology and Operations Research: He is a member of the National Academy of Sciences, India: He gotthe degreeof DSc:in 2022. APH 588.388 (SBN 9788194452560 Bookis alsoavailable aqazon ARYANPOBLISHINGHOUSB 181/8}cCanal}' Suect (Ghzcehhumi) Kolkata{700018 788194 '452560 ) Mobs; 08300776487063132836} Emwl nryonhouse@yuhoo com WWtarvannwhlishinghomsacom
2026-01-07 19:25:51 | BookOCR |    INFO | info:60 | Information extraction completed
2026-01-07 19:25:51 | BookOCR |   DEBUG | debug:55 | Extracted fields | Context: {"fields": {"title": "enginzzring MATZEMATICS Volume - TILA AboubtheBook This textbook has been written according to the new revised syllabus of AICTE which includes the syllabus of Maulana Abul Kalam Azad University of Technology (Formerly West Bengal University of Technology) as well as other Universities/Institutes for the second year (third semester) CSE & IT students (t consists of nine chapters with various types of problems along with worked out examples which are essential to the Engineering Technological students This book can also be treated as a supplementary book for BEIB Tech students of other Universi- ties/institutions: Multiple choice questions with answers have been provided in this textbook which will be helpful for GATE and other competitive examinations: Salient Features? Concise coverage of latest syllabus ofAICTEIMAKAUT for the secondyear (third semester) CSE & IT students This book offersa course in Mathematics consists of the topics; Sequence and Series ii. Function ofseveral variables in R2 iii. Concept of doubleand triple integral and vector calculus 044 iv ODEin Ist and 2nd order V: Basic conceptof Graph theoryand Tree Emphasis on matheratical clarity and problem-solving techniques Each topicis discussed in an easier way: Self-contained presentation: Special illumination on diagrams: Numerous solved examples: Multiple choice questions with answers Several number of exercises About the Author Anln Dr: Guruprasad Samanta gothis MSc: and Ph,D. in Applied Mathematics from Calcutta University in 1985and 1991 respectively Heis now working as Professor (HAG) in the Departmentof Mathe- matics, Indian Institute of Engineering Science and Technology Shibpur; Howrah, India. His areas of research are Mathematical Biology and Operations Research: He is a member of the National Academy of Sciences, India: He gotthe degreeof DSc:in 2022. APH 588.388 (SBN 9788194452560 Bookis alsoavailable aqazon ARYANPOBLISHINGHOUSB 181/8}cCanal}' Suect (Ghzcehhumi) Kolkata{700018 788194 '452560 ) Mobs; 08300776487063132836} Emwl nryonhouse@yuhoo com WWtarvannwhlishinghomsacom"}}
2026-01-07 19:25:51 | BookOCR |    INFO | info:60 | ================================================================================
2026-01-07 19:25:51 | BookOCR |    INFO | info:60 | Extraction completed for: E:\book-ocr-model\data\input\img62.jpg
2026-01-07 19:25:51 | BookOCR |    INFO | info:60 | Fields extracted: ['title', 'raw_text', 'confidence']
2026-01-07 19:25:51 | BookOCR |    INFO | info:60 |   title: enginzzring MATZEMATICS Volume - TILA AboubtheBook This textbook has been written according to the new revised syllabus of AICTE which includes the syllabus of Maulana Abul Kalam Azad University of Technology (Formerly West Bengal University of Technology) as well as other Universities/Institutes for the second year (third semester) CSE & IT students (t consists of nine chapters with various types of problems along with worked out examples which are essential to the Engineering Technological students This book can also be treated as a supplementary book for BEIB Tech students of other Universi- ties/institutions: Multiple choice questions with answers have been provided in this textbook which will be helpful for GATE and other competitive examinations: Salient Features? Concise coverage of latest syllabus ofAICTEIMAKAUT for the secondyear (third semester) CSE & IT students This book offersa course in Mathematics consists of the topics; Sequence and Series ii. Function ofseveral variables in R2 iii. Concept of doubleand triple integral and vector calculus 044 iv ODEin Ist and 2nd order V: Basic conceptof Graph theoryand Tree Emphasis on matheratical clarity and problem-solving techniques Each topicis discussed in an easier way: Self-contained presentation: Special illumination on diagrams: Numerous solved examples: Multiple choice questions with answers Several number of exercises About the Author Anln Dr: Guruprasad Samanta gothis MSc: and Ph,D. in Applied Mathematics from Calcutta University in 1985and 1991 respectively Heis now working as Professor (HAG) in the Departmentof Mathe- matics, Indian Institute of Engineering Science and Technology Shibpur; Howrah, India. His areas of research are Mathematical Biology and Operations Research: He is a member of the National Academy of Sciences, India: He gotthe degreeof DSc:in 2022. APH 588.388 (SBN 9788194452560 Bookis alsoavailable aqazon ARYANPOBLISHINGHOUSB 181/8}cCanal}' Suect (Ghzcehhumi) Kolkata{700018 788194 '452560 ) Mobs; 08300776487063132836} Emwl nryonhouse@yuhoo com WWtarvannwhlishinghomsacom
2026-01-07 19:25:51 | BookOCR |    INFO | info:60 |   raw_text: enginzzring MATZEMATICS Volume - TILA AboubtheBook This textbook has been written according to the new revised syllabus of AICTE which includes the syllabus of Maulana Abul Kalam Azad University of Technology (Formerly West Bengal University of Technology) as well as other Universities/Institutes for the second year (third semester) CSE & IT students (t consists of nine chapters with various types of problems along with worked out examples which are essential to the Engineering Technological students This book can also be treated as a supplementary book for BEIB Tech students of other Universi- ties/institutions: Multiple choice questions with answers have been provided in this textbook which will be helpful for GATE and other competitive examinations: Salient Features? Concise coverage of latest syllabus ofAICTEIMAKAUT for the secondyear (third semester) CSE & IT students This book offersa course in Mathematics consists of the topics; Sequence and Series ii. Function ofseveral variables in R2 iii. Concept of doubleand triple integral and vector calculus 044 iv ODEin Ist and 2nd order V: Basic conceptof Graph theoryand Tree Emphasis on matheratical clarity and problem-solving techniques Each topicis discussed in an easier way: Self-contained presentation: Special illumination on diagrams: Numerous solved examples: Multiple choice questions with answers Several number of exercises About the Author Anln Dr: Guruprasad Samanta gothis MSc: and Ph,D. in Applied Mathematics from Calcutta University in 1985and 1991 respectively Heis now working as Professor (HAG) in the Departmentof Mathe- matics, Indian Institute of Engineering Science and Technology Shibpur; Howrah, India. His areas of research are Mathematical Biology and Operations Research: He is a member of the National Academy of Sciences, India: He gotthe degreeof DSc:in 2022. APH 588.388 (SBN 9788194452560 Bookis alsoavailable aqazon ARYANPOBLISHINGHOUSB 181/8}cCanal}' Suect (Ghzcehhumi) Kolkata{700018 788194 '452560 ) Mobs; 08300776487063132836} Emwl nryonhouse@yuhoo com WWtarvannwhlishinghomsacom
2026-01-07 19:25:51 | BookOCR |    INFO | info:60 |   confidence: 0.6369075301481448
2026-01-07 19:25:51 | BookOCR |    INFO | info:60 | ================================================================================
2026-01-07 19:25:51 | BookOCR |    INFO | info:60 | Results saved to: E:\book-ocr-model\data\output\batch_results_20260107_192019.json
2026-01-07 19:25:51 | BookOCR |    INFO | info:60 | Batch processing completed. Successful: 30/30
